"Time (s)","Latitude (째)","Longitude (째)","Height (m)","Velocity (m/s)","Direction (째)","Horizontal Accuracy (m)","Vertical Accuracy (째)"
9.130954742E-3,6.504196716E1,2.546514734E1,2.105107107E1,0.000000000E0,NaN,1.200458813E1,5.303941345E1
1.407599449E-2,6.504195603E1,2.546514044E1,1.940601301E1,0.000000000E0,NaN,1.613223235E1,3.000000000E1
2.288762808E0,6.504197712E1,2.546523559E1,1.728567052E1,0.000000000E0,NaN,9.623900801E0,3.215868378E1
3.288753271E0,6.504198505E1,2.546523778E1,1.707431753E1,1.222096682E0,NaN,8.813945744E0,4.286428833E1
6.288724899E0,6.504201145E1,2.546522350E1,1.518807385E1,0.000000000E0,NaN,9.865468965E0,6.631953430E1
7.288715243E0,6.504201994E1,2.546522495E1,1.540508892E1,0.000000000E0,NaN,1.019997614E1,6.163585281E1
8.288728237E0,6.504203197E1,2.546522664E1,1.543985419E1,0.000000000E0,NaN,1.108219622E1,1.525918121E2
9.288725138E0,6.504211078E1,2.546521907E1,1.691588958E1,0.000000000E0,1.465530468E1,7.361321552E0,1.304317188E1
1.028871572E1,6.504213559E1,2.546521380E1,1.700278926E1,8.876903653E-1,9.939932464E0,5.778548833E0,9.904542923E0
1.175471830E1,6.504215668E1,2.546521740E1,1.823864879E1,6.562196612E-1,1.829838414E0,4.642925376E0,7.454326630E0
1.275578547E1,6.504215442E1,2.546521566E1,1.861651943E1,6.562196612E-1,3.447486074E2,4.229269689E0,7.046429157E0
1.375676405E1,6.504215742E1,2.546521736E1,1.872246721E1,5.360514522E-1,3.447486074E2,4.275168470E0,6.421606541E0
1.475774658E1,6.504216976E1,2.546521613E1,1.872239864E1,5.360514522E-1,3.447486047E2,3.250295416E0,6.781085325E0
1.575867200E1,6.504218505E1,2.546521056E1,1.876199221E1,5.360514522E-1,3.447486047E2,3.426986726E0,6.583172557E0
1.675953662E1,6.504218703E1,2.546520955E1,1.860710704E1,3.915908337E-1,3.447486054E2,3.582400163E0,6.180633499E0
1.776039600E1,6.504220255E1,2.546519509E1,1.791741219E1,2.036172450E-1,3.447486064E2,4.789107476E0,5.900645733E0
1.876114905E1,6.504218768E1,2.546520276E1,1.876029132E1,2.822289765E-1,3.447486060E2,4.748651530E0,6.234534709E0
1.976185000E1,6.504218018E1,2.546519982E1,1.873740752E1,2.722151577E-1,3.447486060E2,4.748651530E0,6.072159651E0
2.076254916E1,6.504218719E1,2.546520820E1,1.731984297E1,4.020583630E-1,3.447486054E2,4.748651530E0,6.454866420E0
2.176314139E1,6.504219935E1,2.546520890E1,1.624407109E1,4.020583630E-1,3.447486054E2,4.748651530E0,6.199655845E0
2.276368952E1,6.504220810E1,2.546519832E1,1.490684397E1,4.020583630E-1,3.447486054E2,4.748651530E0,6.020495449E0
2.376420760E1,6.504221530E1,2.546518703E1,1.443001351E1,5.850764513E-1,3.447486045E2,4.748651530E0,6.071835378E0
2.476469636E1,6.504221937E1,2.546517849E1,1.413551956E1,4.737529159E-1,3.447486050E2,4.748651530E0,5.999970560E0
2.576515114E1,6.504224570E1,2.546516530E1,1.462968104E1,4.737529159E-1,3.447486050E2,4.748651530E0,6.196295434E0
2.676557779E1,6.504226589E1,2.546515617E1,1.583221283E1,4.737529159E-1,3.447486050E2,4.748651530E0,6.755789268E0
2.776597965E1,6.504229097E1,2.546514270E1,1.844616534E1,7.795879841E-1,3.413362401E2,4.748651530E0,5.443789525E0
2.876635373E1,6.504230468E1,2.546512742E1,1.793226414E1,9.801668525E-1,3.413362389E2,4.748651530E0,5.202501132E0
2.976670969E1,6.504231245E1,2.546511872E1,1.747010877E1,9.910740852E-1,3.413362388E2,4.748651530E0,4.746948210E0
3.076703906E1,6.504232430E1,2.546511489E1,1.716292460E1,9.801668525E-1,3.413362389E2,4.748651530E0,4.770846582E0
3.176734769E1,6.504233838E1,2.546512551E1,1.758261249E1,9.910740852E-1,4.614684805E0,4.748651530E0,4.439121397E0
3.276763570E1,6.504234230E1,2.546513294E1,1.708907333E1,5.935112238E-1,4.614684189E0,4.748651530E0,4.385216885E0
3.376790738E1,6.504234123E1,2.546513286E1,1.689350544E1,5.935112238E-1,4.614684189E0,4.748651530E0,5.376065344E0
3.476816010E1,6.504234906E1,2.546515342E1,1.790807157E1,4.936649646E-1,3.400148407E2,3.861138636E0,3.567821904E0
3.576839709E1,6.504235793E1,2.546513747E1,1.713771068E1,7.899419372E-1,3.467018627E2,3.589249068E0,3.193952898E0
3.676862025E1,6.504236846E1,2.546512295E1,1.666259972E1,9.659356372E-1,3.376797857E2,3.280949538E0,3.000000000E0
3.776882732E1,6.504237708E1,2.546511493E1,1.613441603E1,8.034453853E-1,3.381484662E2,2.962107296E0,3.000000000E0
3.876902187E1,6.504237983E1,2.546510813E1,1.570547512E1,7.176508116E-1,3.342830101E2,2.844446700E0,3.000000000E0
3.976920354E1,6.504238652E1,2.546509439E1,1.535817809E1,6.534843460E-1,3.381963002E2,2.881372729E0,3.000000000E0
4.076937413E1,6.504239581E1,2.546508533E1,1.521468159E1,6.978300919E-1,3.425432313E2,2.951500774E0,3.000000000E0
4.176953483E1,6.504240885E1,2.546506789E1,1.573161954E1,9.409400288E-1,3.407608007E2,2.901324690E0,3.000000000E0
4.276968312E1,6.504239922E1,2.546506696E1,1.336429295E1,8.617596365E-1,3.391556934E2,2.950367821E0,3.686452132E0
4.376982331E1,6.504240498E1,2.546506300E1,1.434116686E1,4.132148770E-1,3.394342040E2,3.064605490E0,3.770655111E0
4.476995492E1,6.504241384E1,2.546505223E1,1.374902627E1,4.874505158E-1,3.400226930E2,3.216335231E0,4.072255867E0
4.577007616E1,6.504242294E1,2.546504155E1,1.330172541E1,7.306690959E-1,3.406076527E2,3.298436300E0,4.093000087E0
4.677019227E1,6.504243579E1,2.546503236E1,1.333626430E1,8.133997934E-1,3.406187799E2,3.299234205E0,3.957848519E0
4.777029884E1,6.504244899E1,2.546503362E1,1.322107442E1,8.310719350E-1,3.529654261E2,3.308948779E0,4.003657847E0
4.877039886E1,6.504245783E1,2.546503194E1,1.280790452E1,8.576395433E-1,3.549797916E2,3.380492961E0,4.158584905E0
4.977049279E1,6.504247318E1,2.546503465E1,1.289966110E1,1.150282361E0,3.589014187E2,3.545207136E0,4.404859756E0
5.077058041E1,6.504248351E1,2.546503333E1,1.366022728E1,9.224834423E-1,3.598937642E2,3.658693903E0,4.481761314E0
5.177066195E1,6.504248672E1,2.546503356E1,1.375800315E1,5.063743872E-1,2.124616629E0,3.671977438E0,4.721661633E0
5.277074039E1,6.504250323E1,2.546504430E1,1.316395416E1,9.191435293E-1,1.044052929E1,3.688514438E0,4.614685558E0
5.377080989E1,6.504251026E1,2.546504839E1,1.303205086E1,7.502754555E-1,1.826295067E1,3.642028257E0,4.486149435E0
5.477087712E1,6.504252499E1,2.546506174E1,1.345971590E1,1.010725366E0,2.221419756E1,3.652240402E0,4.516755503E0
5.577094007E1,6.504253534E1,2.546507294E1,1.399593615E1,8.862609797E-1,2.922414853E1,3.592399955E0,4.562059265E0
5.677099741E1,6.504255043E1,2.546508364E1,1.433366072E1,1.032447514E0,2.924760380E1,3.512779948E0,4.345216805E0
5.777105212E1,6.504256211E1,2.546508906E1,1.485323718E1,9.801351218E-1,2.507880126E1,3.460460057E0,4.227399003E0
5.877110243E1,6.504256889E1,2.546509563E1,1.460268407E1,7.915264906E-1,2.540038368E1,3.430060965E0,4.180436208E0
5.977115047E1,6.504258185E1,2.546511050E1,1.497687447E1,1.044096973E0,2.664686966E1,3.467842847E0,4.196951823E0
6.077119374E1,6.504259256E1,2.546512760E1,1.514684000E1,1.149354871E0,3.211818292E1,3.466448069E0,4.177311448E0
6.177123547E1,6.504260498E1,2.546513924E1,1.531952358E1,1.209252433E0,2.831307933E1,3.443684257E0,4.189427273E0
6.277127385E1,6.504261966E1,2.546514941E1,1.534848888E1,1.391645907E0,2.286397204E1,3.371500021E0,4.066276046E0
6.377130914E1,6.504263271E1,2.546515853E1,1.532535952E1,1.522806014E0,2.030383601E1,3.327877523E0,4.416575510E0
6.477134180E1,6.504264607E1,2.546516676E1,1.558641528E1,1.571514700E0,1.848669403E1,3.280539621E0,4.506198800E0
6.577137244E1,6.504265925E1,2.546516986E1,1.551065686E1,1.574095351E0,1.317748047E1,3.216512592E0,4.467901767E0
6.677140152E1,6.504267236E1,2.546517455E1,1.548229974E1,1.560656384E0,1.163614882E1,3.184009111E0,4.444744956E0
6.777142799E1,6.504268589E1,2.546517774E1,1.573370339E1,1.569909171E0,9.642736212E0,3.171336314E0,4.508349876E0
6.877145219E1,6.504270013E1,2.546517835E1,1.605601474E1,1.561642231E0,6.734710679E0,3.169125089E0,4.460318958E0
6.977147543E1,6.504271435E1,2.546517809E1,1.716251361E1,1.533159369E0,3.748989920E0,3.141611529E0,4.394516774E0
7.077149653E1,6.504272746E1,2.546517920E1,1.724425916E1,1.548868364E0,3.424483534E0,3.104475109E0,4.295453752E0
7.177151608E1,6.504273763E1,2.546517961E1,1.691499806E1,1.318228775E0,2.828658487E0,3.069816363E0,4.446868916E0
7.277153480E1,6.504274735E1,2.546518113E1,1.680783199E1,1.102880753E0,4.493820064E0,3.105644261E0,4.000460435E0
7.377155149E1,6.504275862E1,2.546518378E1,1.666931535E1,1.121467108E0,6.103998358E0,3.105184369E0,3.844034762E0
7.477156723E1,6.504276866E1,2.546518914E1,1.633035127E1,1.170536641E0,8.400582753E0,3.049925170E0,3.823599926E0
7.577158093E1,6.504277678E1,2.546519219E1,1.600239749E1,1.204642877E0,7.178482270E0,2.997428906E0,3.821993856E0
7.677159464E1,6.504278327E1,2.546518601E1,1.578051936E1,1.021551572E0,3.569545099E2,2.947557471E0,3.714148344E0
7.777160621E1,6.504279061E1,2.546517645E1,1.546563493E1,9.793241477E-1,3.479480001E2,2.900179587E0,3.523178837E0
7.877161753E1,6.504279755E1,2.546516135E1,1.514332152E1,1.011413831E0,3.366080259E2,2.856687877E0,3.453612672E0
7.977162766E1,6.504280799E1,2.546514669E1,1.520348653E1,1.234183386E0,3.343763464E2,2.860584702E0,3.421269505E0
8.077163613E1,6.504281558E1,2.546514284E1,1.483150181E1,1.075900736E0,3.396720465E2,2.833734944E0,3.298993087E0
8.177164865E1,6.504281999E1,2.546513695E1,1.481697757E1,7.852518152E-1,3.392301917E2,2.810044232E0,3.148246554E0
8.277165616E1,6.504282656E1,2.546511984E1,1.478112556E1,8.517159082E-1,3.267305393E2,2.787540582E0,3.038060906E0
8.377166343E1,6.504282867E1,2.546509670E1,1.469162721E1,8.093321155E-1,3.069002828E2,2.806978018E0,3.093383304E0
8.477166760E1,6.504282805E1,2.546507274E1,1.410111641E1,8.435588448E-1,2.910304823E2,2.808090387E0,3.131473271E0
8.577167118E1,6.504282518E1,2.546504848E1,1.417963517E1,8.911439632E-1,2.796092449E2,2.820825164E0,3.126245849E0
8.677167618E1,6.504282300E1,2.546502676E1,1.424676915E1,9.071353947E-1,2.733295728E2,2.809966243E0,3.000000000E0
8.777168167E1,6.504281893E1,2.546499908E1,1.455873108E1,1.026491970E0,2.661254606E2,2.769467931E0,3.000000000E0
8.877168477E1,6.504281751E1,2.546497345E1,1.455548794E1,1.105920037E0,2.648942950E2,2.730994528E0,3.000000000E0
8.977168846E1,6.504281600E1,2.546495429E1,1.461277222E1,9.192205871E-1,2.622316566E2,2.797801558E0,3.000000000E0
9.077169061E1,6.504280650E1,2.546492135E1,1.454009620E1,1.137444129E0,2.492359646E2,2.789377226E0,3.000000000E0
9.177169335E1,6.504279801E1,2.546490125E1,1.463153089E1,1.061312072E0,2.387649048E2,2.828774964E0,3.000000000E0
9.277169538E1,6.504279222E1,2.546488870E1,1.464314331E1,8.020288973E-1,2.312943593E2,2.848452005E0,3.000000000E0
9.377169716E1,6.504278707E1,2.546486864E1,1.477321287E1,7.911882772E-1,2.339915437E2,2.940623856E0,3.000000000E0
9.477169919E1,6.504277866E1,2.546483960E1,1.487724692E1,9.812577713E-1,2.369648988E2,3.020630476E0,3.000000000E0
9.577170014E1,6.504277275E1,2.546481875E1,1.493685846E1,1.006786719E0,2.398156901E2,3.008170946E0,3.043851657E0
9.677170110E1,6.504276331E1,2.546480048E1,1.515406294E1,1.015731709E0,2.322999307E2,3.044963908E0,3.000000000E0
9.777170146E1,6.504275626E1,2.546478485E1,1.478580760E1,9.169522975E-1,2.317715746E2,3.072232082E0,3.000000000E0
9.877170074E1,6.504274874E1,2.546477385E1,1.481526513E1,7.923819346E-1,2.254232543E2,3.089324639E0,3.306421749E0
9.977170193E1,6.504274210E1,2.546475468E1,1.429632856E1,7.826102783E-1,2.243998964E2,3.042932096E0,3.306234514E0
1.007717012E2,6.504273506E1,2.546474378E1,1.458768082E1,7.395791443E-1,2.249131841E2,3.013589124E0,3.501700549E0
1.017717007E2,6.504272950E1,2.546472219E1,1.501506240E1,8.256582820E-1,2.336918124E2,3.057670590E0,3.526201009E0
1.027716992E2,6.504272894E1,2.546471326E1,1.492306002E1,5.400027316E-1,2.348725091E2,3.031864207E0,3.369263078E0
1.037716985E2,6.504272665E1,2.546471744E1,1.465882366E1,2.626886835E-1,2.213611069E2,3.068398490E0,3.197882385E0
1.047716981E2,6.504271859E1,2.546469954E1,1.407430697E1,6.575945682E-1,2.202652946E2,3.112953217E0,3.147116363E0
1.057716963E2,6.504271712E1,2.546467745E1,1.468038222E1,6.148707837E-1,2.428206120E2,3.312401049E0,3.344738451E0
1.067716948E2,6.504271501E1,2.546467193E1,1.405180241E1,4.492525020E-1,2.420238433E2,3.460841591E0,3.393471333E0
1.077717404E2,6.504271204E1,2.546465785E1,1.422810760E1,4.310282215E-1,2.445013356E2,3.410059776E0,3.353231719E0
1.087716912E2,6.504270434E1,2.546463032E1,1.431807451E1,8.058061112E-1,2.406905677E2,3.387002169E0,3.297869913E0
1.097716900E2,6.504270078E1,2.546460953E1,1.386526468E1,8.229811281E-1,2.448681120E2,3.384197607E0,3.594699171E0
1.107716870E2,6.504269733E1,2.546459757E1,1.324383957E1,6.630835646E-1,2.407013146E2,3.374385324E0,3.635723659E0
1.117716846E2,6.504268898E1,2.546456543E1,1.353639958E1,7.964522522E-1,2.408771133E2,3.384123298E0,3.923805205E0
1.127716825E2,6.504268123E1,2.546453252E1,1.367800385E1,9.297890690E-1,2.444964395E2,3.369960469E0,4.151757169E0
1.137716807E2,6.504267603E1,2.546451148E1,1.319272562E1,7.339522337E-1,2.487392378E2,3.324734254E0,4.050812564E0
1.147716777E2,6.504267466E1,2.546448180E1,1.353900439E1,9.137032588E-1,2.601244997E2,3.273496911E0,4.015923106E0
1.157716752E2,6.504266930E1,2.546445291E1,1.342511200E1,8.969379002E-1,2.612340236E2,3.289473855E0,4.350707327E0
1.167716722E2,6.504266479E1,2.546442505E1,1.354960258E1,8.281871085E-1,2.642723488E2,3.261897519E0,4.495569064E0
1.177716696E2,6.504266536E1,2.546439796E1,1.266942385E1,9.179749890E-1,2.720049988E2,3.297383647E0,4.173145755E0
1.187716666E2,6.504265607E1,2.546437170E1,1.208427122E1,7.901168012E-1,2.516877816E2,3.291712198E0,4.148116889E0
1.197716637E2,6.504265774E1,2.546434400E1,1.250755272E1,8.699920604E-1,2.647067399E2,3.289325841E0,4.445806314E0
1.207716615E2,6.504265807E1,2.546432859E1,1.351568513E1,6.393322693E-1,2.682335853E2,3.402034086E0,4.344495124E0
1.217716588E2,6.504265563E1,2.546430996E1,1.341996709E1,5.375597694E-1,2.629707555E2,3.506802850E0,4.364678602E0
1.227716551E2,6.504265664E1,2.546428191E1,1.320647654E1,7.068707074E-1,2.682022750E2,3.556570677E0,4.698072521E0
1.237716517E2,6.504265696E1,2.546425399E1,1.324646310E1,8.446496411E-1,2.686873393E2,3.615810494E0,4.395885496E0
1.247716488E2,6.504265865E1,2.546422716E1,1.346297728E1,8.361991088E-1,2.725865795E2,3.560579353E0,4.102015286E0
1.257716459E2,6.504266005E1,2.546420367E1,1.384927873E1,8.400806735E-1,2.770841674E2,3.555858206E0,4.020211659E0
1.267716423E2,6.504265672E1,2.546418108E1,1.396432485E1,7.389203686E-1,2.635668801E2,3.610099948E0,4.055012977E0
1.277716383E2,6.504265686E1,2.546416016E1,1.430275857E1,5.873726851E-1,2.667009271E2,3.657995967E0,4.093762450E0
1.287716348E2,6.504265087E1,2.546413372E1,1.440837379E1,5.621032185E-1,2.565599587E2,3.641520930E0,4.115088856E0
1.297716316E2,6.504264779E1,2.546409847E1,1.440978462E1,7.832645729E-1,2.626319905E2,3.634311489E0,4.204770712E0
1.307716285E2,6.504264934E1,2.546407422E1,1.456487096E1,8.509458751E-1,2.716525630E2,3.661337774E0,4.083372844E0
1.317716250E2,6.504264644E1,2.546405156E1,1.454379774E1,8.399105123E-1,2.658711215E2,3.618080782E0,4.365629214E0
1.327716217E2,6.504264391E1,2.546402824E1,1.422945656E1,8.407898225E-1,2.611725398E2,3.646900267E0,4.162790633E0
1.337721888E2,6.504264282E1,2.546399910E1,1.427106643E1,9.036358195E-1,2.672715234E2,3.744816984E0,4.253906370E0
1.347721937E2,6.504264569E1,2.546397162E1,1.457609574E1,9.481645512E-1,2.769056351E2,3.808207944E0,4.567988857E0
1.357721908E2,6.504264668E1,2.546394007E1,1.485848572E1,1.062674731E0,2.785602738E2,3.885925260E0,4.430903187E0
1.367721596E2,6.504264527E1,2.546390786E1,1.483632895E1,1.175706741E0,2.719228241E2,3.859347005E0,4.067830737E0
1.377721305E2,6.504264488E1,2.546387476E1,1.506365552E1,1.236476331E0,2.707289854E2,3.914234571E0,4.276068808E0
1.387720942E2,6.504264691E1,2.546384283E1,1.513019632E1,1.298652894E0,2.737493800E2,3.915540166E0,4.088267780E0
1.397720646E2,6.504264776E1,2.546381561E1,1.520948983E1,1.097801789E0,2.757389270E2,3.920446172E0,4.103820026E0
1.407720352E2,6.504264628E1,2.546377990E1,1.547203261E1,1.146925331E0,2.706607210E2,3.891548769E0,4.255716111E0
1.417719988E2,6.504264607E1,2.546374630E1,1.557945886E1,1.178216152E0,2.710208534E2,3.918991682E0,4.273998072E0
1.427719764E2,6.504264621E1,2.546372453E1,1.551244005E1,9.099367186E-1,2.722308156E2,3.904920952E0,4.164827960E0
1.437719530E2,6.504264589E1,2.546369559E1,1.543411608E1,9.788175363E-1,2.731970124E2,3.886201973E0,4.452413825E0
1.447719221E2,6.504264930E1,2.546367666E1,1.544809610E1,8.514858432E-1,2.834570275E2,3.897210685E0,4.346498820E0
1.457719049E2,6.504265196E1,2.546366167E1,1.572757777E1,6.683461313E-1,2.925349090E2,3.911747500E0,4.346632730E0
1.467718869E2,6.504265495E1,2.546366746E1,1.563666716E1,2.336799730E-1,3.034500182E2,3.858661865E0,4.370878325E0
1.477718601E2,6.504265601E1,2.546366461E1,1.541540728E1,4.841730302E-1,3.034500157E2,3.788979962E0,4.069110806E0
1.487718369E2,6.504265468E1,2.546365225E1,1.563148618E1,8.304536209E-1,2.705508935E2,3.784864218E0,4.312606116E0
1.497718136E2,6.504265240E1,2.546362978E1,1.564994050E1,1.007959730E0,2.650285136E2,3.797974937E0,4.417362459E0
1.507717923E2,6.504265239E1,2.546360020E1,1.566392411E1,1.174605984E0,2.677703865E2,3.784712716E0,4.320675341E0
1.517717725E2,6.504265196E1,2.546357180E1,1.523162736E1,1.150593573E0,2.719263008E2,3.718026823E0,4.102222323E0
1.527717532E2,6.504265418E1,2.546355580E1,1.477529345E1,8.919962234E-1,2.793773639E2,3.783793994E0,4.265412608E0
1.537717344E2,6.504265640E1,2.546353289E1,1.452179776E1,8.646536418E-1,2.793069319E2,3.777911367E0,4.863219234E0
1.547717175E2,6.504265858E1,2.546351260E1,1.459823056E1,7.901881853E-1,2.820041355E2,3.840774702E0,4.883028452E0
1.557716999E2,6.504265820E1,2.546348494E1,1.477649566E1,8.269582186E-1,2.772344983E2,3.931055335E0,5.090894513E0
1.567716845E2,6.504265653E1,2.546344809E1,1.443779725E1,1.098032672E0,2.721617976E2,3.932969351E0,4.814931103E0
1.577716687E2,6.504265785E1,2.546341300E1,1.463128368E1,1.099306569E0,2.765291641E2,3.946990354E0,4.652111416E0
1.587716551E2,6.504265662E1,2.546337847E1,1.437977602E1,1.202606899E0,2.707869780E2,3.863846831E0,4.923612885E0
1.597716410E2,6.504265866E1,2.546335060E1,1.447522665E1,1.186942782E0,2.747433485E2,3.837614901E0,4.547927471E0
1.607716283E2,6.504266165E1,2.546332805E1,1.444702173E1,1.057440606E0,2.803492593E2,3.797803274E0,4.673528000E0
1.617716157E2,6.504266341E1,2.546330556E1,1.503286741E1,8.888087801E-1,2.815034235E2,3.732093747E0,4.726162401E0
1.627716035E2,6.504266440E1,2.546328113E1,1.506004773E1,8.448444179E-1,2.825042896E2,3.694102346E0,4.697757125E0
1.637715912E2,6.504266640E1,2.546325172E1,1.484979934E1,9.639607251E-1,2.849510159E2,3.716217425E0,4.664086852E0
1.647715802E2,6.504266673E1,2.546322026E1,1.414527299E1,1.084062729E0,2.824856332E2,3.634228565E0,4.192202922E0
1.657715689E2,6.504266938E1,2.546319532E1,1.497670117E1,1.087800550E0,2.825798128E2,3.634888299E0,4.287213442E0
1.667715595E2,6.504266789E1,2.546316188E1,1.450671456E1,1.175960372E0,2.762060980E2,3.585871211E0,4.266246930E0
1.677715489E2,6.504266748E1,2.546313597E1,1.435672832E1,1.097080651E0,2.738529688E2,3.653209667E0,4.319748677E0
1.687715392E2,6.504266956E1,2.546310670E1,1.461711971E1,1.052268581E0,2.765019854E2,3.767632018E0,4.367975779E0
1.697715303E2,6.504267346E1,2.546307549E1,1.494316661E1,1.136009178E0,2.819048510E2,3.784796943E0,4.387033467E0
1.707715203E2,6.504267331E1,2.546305574E1,1.444937203E1,9.068298252E-1,2.774133426E2,3.904507074E0,4.311819129E0
1.717715119E2,6.504267309E1,2.546303690E1,1.478836617E1,7.986039885E-1,2.740535877E2,3.890515475E0,4.231736825E0
1.727715032E2,6.504267268E1,2.546301327E1,1.475847079E1,7.817036084E-1,2.720062784E2,3.899511694E0,4.346397930E0
1.737714968E2,6.504267283E1,2.546300268E1,1.454805575E1,4.671880687E-1,2.707504561E2,3.882073010E0,4.445931741E0
1.747714870E2,6.504267377E1,2.546300058E1,1.401579507E1,2.884868338E-1,2.711202621E2,3.863873820E0,4.657659664E0
1.757714800E2,6.504267321E1,2.546300020E1,1.397706761E1,2.303094695E-1,2.711202612E2,3.848448506E0,4.237770256E0
1.767714726E2,6.504267064E1,2.546298651E1,1.356684438E1,3.870940220E-1,2.711202465E2,3.801383814E0,4.139008386E0
1.777714643E2,6.504267111E1,2.546297852E1,1.375209538E1,3.181367265E-1,2.711202396E2,3.825893602E0,4.145917057E0
1.787714574E2,6.504267228E1,2.546297309E1,1.372854594E1,2.535427940E-1,2.711202356E2,3.762103630E0,4.044498900E0
1.797714509E2,6.504267257E1,2.546297148E1,1.392978555E1,1.233167090E-1,2.711202344E2,3.962202258E0,4.398599492E0
1.807714440E2,6.504267281E1,2.546295412E1,1.394779492E1,4.422927321E-1,2.711849179E2,3.914602754E0,4.443199114E0
1.817714379E2,6.504267515E1,2.546293809E1,1.394734500E1,5.677034290E-1,2.787283852E2,3.955906886E0,4.666152012E0
1.827714313E2,6.504267699E1,2.546292872E1,1.391799462E1,4.396507417E-1,2.853487523E2,3.912515391E0,4.862747982E0
1.837714249E2,6.504267655E1,2.546290522E1,1.352749981E1,5.936002900E-1,2.791341997E2,4.011705669E0,5.044865285E0
1.847714186E2,6.504267555E1,2.546289464E1,1.304582852E1,4.307575330E-1,2.703172862E2,4.013414076E0,5.010838188E0
1.857714119E2,6.504267522E1,2.546286920E1,1.351020548E1,6.954875627E-1,2.707942290E2,4.065969647E0,5.041663497E0
1.867714057E2,6.504267549E1,2.546284146E1,1.308311294E1,9.811539279E-1,2.726494383E2,4.112383332E0,5.148770737E0
1.877714009E2,6.504267595E1,2.546281868E1,1.281266935E1,9.623588311E-1,2.750420196E2,4.095121914E0,5.021450038E0
1.887713948E2,6.504267683E1,2.546279966E1,1.286409108E1,8.730261021E-1,2.767744588E2,4.149529896E0,4.573571400E0
1.897713888E2,6.504267680E1,2.546277924E1,1.291415672E1,8.298839857E-1,2.750813798E2,4.213851640E0,4.071034464E0
1.907713840E2,6.504267565E1,2.546275556E1,1.264763866E1,8.440031403E-1,2.690289536E2,4.302730551E0,4.507261943E0
1.917713777E2,6.504267285E1,2.546273111E1,1.261821577E1,8.494194178E-1,2.627789178E2,4.226424312E0,3.956519943E0
1.927713729E2,6.504267700E1,2.546272365E1,1.258900998E1,5.503120500E-1,2.765275413E2,4.192272725E0,3.586659627E0
1.937713668E2,6.504268002E1,2.546268304E1,1.229835188E1,7.492077702E-1,2.839556276E2,4.367391648E0,3.877446126E0
1.947713611E2,6.504268211E1,2.546264480E1,1.184374445E1,7.073668890E-1,2.886974536E2,4.359016407E0,4.244456270E0
1.957713560E2,6.504268156E1,2.546260823E1,1.218120222E1,7.245417148E-1,2.876608998E2,4.454333293E0,4.510658231E0
1.967713515E2,6.504267932E1,2.546258011E1,1.236081360E1,7.813216352E-1,2.843216517E2,4.353146885E0,4.538597544E0
1.977713456E2,6.504267708E1,2.546255009E1,1.237098261E1,8.212923176E-1,2.836998659E2,4.305938310E0,4.605712804E0
1.987713404E2,6.504267624E1,2.546251327E1,1.260267029E1,1.000506197E0,2.792163656E2,4.315646220E0,4.429275602E0
1.997713358E2,6.504267212E1,2.546247447E1,1.289041234E1,1.082504945E0,2.725335985E2,4.292300057E0,4.844598125E0
2.007713314E2,6.504267055E1,2.546243823E1,1.290734801E1,1.108509665E0,2.750342393E2,4.335027287E0,4.872215632E0
2.017713258E2,6.504267321E1,2.546240584E1,1.302730590E1,1.126179088E0,2.767565151E2,4.530364702E0,5.063952094E0
2.027713209E2,6.504267385E1,2.546237671E1,1.290758380E1,1.061596383E0,2.753179746E2,4.533458924E0,4.655471520E0
2.037713163E2,6.504267555E1,2.546233790E1,1.307477698E1,1.228859805E0,2.771774739E2,4.506828244E0,4.874838208E0
2.047713115E2,6.504267729E1,2.546229852E1,1.326929733E1,1.384064231E0,2.789642055E2,4.466733808E0,4.717832378E0
2.057713070E2,6.504267866E1,2.546226397E1,1.376870396E1,1.335547656E0,2.797725098E2,4.419457973E0,4.689218337E0
2.067713019E2,6.504267600E1,2.546222656E1,1.384344675E1,1.332520120E0,2.748730900E2,4.366057488E0,5.122895836E0
2.077712966E2,6.504267403E1,2.546219370E1,1.348213504E1,1.322309965E0,2.709850249E2,4.313691577E0,5.032565585E0
2.087712928E2,6.504267419E1,2.546217368E1,1.346592573E1,1.005460484E0,2.714666004E2,4.260022909E0,4.771978679E0
2.097712882E2,6.504267740E1,2.546215306E1,1.367443921E1,9.017988154E-1,2.780239865E2,4.196833195E0,4.896387484E0
2.107712833E2,6.504267969E1,2.546212934E1,1.371943614E1,9.571798946E-1,2.799091931E2,4.086991545E0,4.571172011E0
2.117712787E2,6.504268277E1,2.546210380E1,1.372757700E1,9.990376681E-1,2.833066184E2,4.075139267E0,4.371887846E0
2.127712739E2,6.504268074E1,2.546208608E1,1.393340468E1,7.897093443E-1,2.763607760E2,4.137438470E0,4.100319063E0
2.137712684E2,6.504268177E1,2.546205674E1,1.374320190E1,9.410205973E-1,2.793209511E2,4.153853114E0,4.696691639E0
2.147712644E2,6.504268273E1,2.546203297E1,1.351121486E1,8.741838083E-1,2.788211064E2,4.132398650E0,4.660801247E0
2.157712592E2,6.504268429E1,2.546200782E1,1.346891621E1,9.753354804E-1,2.814918752E2,4.113370820E0,4.743092857E0
2.167712603E2,6.504268732E1,2.546198241E1,1.363318643E1,1.014410127E0,2.866650632E2,4.106367355E0,4.699598940E0
2.177712508E2,6.504268678E1,2.546194575E1,1.368675449E1,1.223175338E0,2.792726574E2,4.098248584E0,4.390057507E0
2.187712461E2,6.504268877E1,2.546191759E1,1.390291737E1,1.177369596E0,2.795686209E2,4.098400059E0,4.312341004E0
2.197712413E2,6.504268996E1,2.546188933E1,1.396799470E1,1.165266731E0,2.796236751E2,4.061507472E0,4.436067555E0
2.207712368E2,6.504268790E1,2.546185806E1,1.416002470E1,1.095244460E0,2.709987272E2,4.095067143E0,4.443470335E0
2.217712321E2,6.504269063E1,2.546183024E1,1.458396610E1,1.034560859E0,2.763579311E2,4.148493724E0,4.493092449E0
2.227712317E2,6.504269106E1,2.546180880E1,1.428378050E1,7.858149567E-1,2.710739107E2,4.181680097E0,4.596633184E0
2.237712251E2,6.504268964E1,2.546180516E1,1.306708248E1,3.863787381E-1,2.604189668E2,4.205168589E0,4.805712358E0
2.247712194E2,6.504268327E1,2.546178709E1,1.194653492E1,7.566293901E-1,2.433818432E2,4.098805257E0,4.923260857E0
2.257712146E2,6.504268226E1,2.546176020E1,1.241701674E1,8.546786647E-1,2.500079098E2,4.067755478E0,4.845827138E0
2.267712104E2,6.504268537E1,2.546170797E1,1.332876312E1,1.557812717E0,2.662938552E2,4.088987145E0,4.863632146E0
2.277712084E2,6.504268836E1,2.546167122E1,1.359263089E1,1.739252232E0,2.706715441E2,4.012844271E0,5.223073692E0
2.287712013E2,6.504268971E1,2.546164012E1,1.391939310E1,1.676802834E0,2.717962226E2,3.921927406E0,5.090193814E0
2.297711970E2,6.504268975E1,2.546160293E1,1.425789128E1,1.703312750E0,2.721476394E2,3.949610459E0,5.136020673E0
2.307711955E2,6.504268952E1,2.546157430E1,1.430475027E1,1.645717618E0,2.694608285E2,4.011645755E0,5.038930695E0
2.317711920E2,6.504269137E1,2.546154295E1,1.434359081E1,1.694138288E0,2.722619273E2,4.088196367E0,5.126855005E0
2.327711835E2,6.504269313E1,2.546151405E1,1.416193962E1,1.652611457E0,2.747628388E2,4.080493167E0,5.297379446E0
2.337711792E2,6.504268987E1,2.546147822E1,1.496536150E1,1.695788908E0,2.678740530E2,3.984114958E0,5.233275467E0
2.347711748E2,6.504268922E1,2.546144926E1,1.528730695E1,1.344572428E0,2.682537611E2,3.909027268E0,5.011719125E0
2.357711701E2,6.504268930E1,2.546141972E1,1.503130934E1,1.323194624E0,2.694488416E2,3.824903074E0,4.932014596E0
2.367711662E2,6.504269222E1,2.546139496E1,1.466716913E1,1.154231073E0,2.761798431E2,3.795562189E0,4.497986100E0
2.377711611E2,6.504269158E1,2.546137049E1,1.410706636E1,1.051926360E0,2.739347888E2,3.752591958E0,4.281097804E0
2.387711571E2,6.504269295E1,2.546134322E1,1.439002451E1,1.125927393E0,2.759384129E2,3.781154105E0,4.251623187E0
2.397711530E2,6.504269329E1,2.546130736E1,1.453854554E1,1.356420797E0,2.736619401E2,3.721106135E0,4.097543011E0
2.407711526E2,6.504269366E1,2.546127633E1,1.438160378E1,1.345202656E0,2.737019596E2,3.691856959E0,4.276745948E0
2.417711440E2,6.504269478E1,2.546124032E1,1.437625304E1,1.463908730E0,2.739658452E2,3.687589166E0,4.209543276E0
2.427711396E2,6.504269590E1,2.546121007E1,1.430996975E1,1.376315969E0,2.751312089E2,3.646490399E0,4.433924939E0
2.437711356E2,6.504269602E1,2.546117858E1,1.423476775E1,1.356860899E0,2.746090712E2,3.616465494E0,4.191401461E0
2.447711310E2,6.504269483E1,2.546115017E1,1.427039385E1,1.307494437E0,2.717682529E2,3.585699765E0,4.116056342E0
2.457711285E2,6.504269339E1,2.546111443E1,1.462372266E1,1.419107374E0,2.691280386E2,3.516498426E0,4.027633746E0
2.467711219E2,6.504269424E1,2.546108059E1,1.480406693E1,1.405790927E0,2.714182866E2,3.540150800E0,4.232900102E0
2.477711182E2,6.504269480E1,2.546105105E1,1.474323235E1,1.322080774E0,2.733331255E2,3.493695980E0,3.930890553E0
2.487711135E2,6.504269642E1,2.546102132E1,1.466128673E1,1.299971250E0,2.756776940E2,3.455183343E0,4.037971212E0
2.497711090E2,6.504269660E1,2.546099072E1,1.462840821E1,1.314684120E0,2.738602744E2,3.423611193E0,3.931371664E0
2.507711046E2,6.504269621E1,2.546095099E1,1.491641441E1,1.492953353E0,2.720355062E2,3.471694931E0,4.045120743E0
2.517711002E2,6.504269659E1,2.546091808E1,1.505314778E1,1.428576398E0,2.721432112E2,3.453453479E0,4.141661395E0
2.527710958E2,6.504269793E1,2.546088223E1,1.521881745E1,1.446118181E0,2.740364768E2,3.454536425E0,4.123132773E0
2.537710923E2,6.504269862E1,2.546084860E1,1.523092122E1,1.450778962E0,2.727395759E2,3.438530897E0,4.094572436E0
2.547710880E2,6.504269899E1,2.546081384E1,1.527531925E1,1.422882371E0,2.718061484E2,3.380148630E0,4.074426223E0
2.557710829E2,6.504269919E1,2.546078012E1,1.523743156E1,1.478265076E0,2.717594391E2,3.321718965E0,3.812436975E0
2.567710822E2,6.504269990E1,2.546074903E1,1.499939629E1,1.402083754E0,2.726089976E2,3.283116937E0,3.934810773E0
2.577710766E2,6.504270025E1,2.546071777E1,1.482513600E1,1.359016593E0,2.734053225E2,3.241506653E0,3.737430213E0
2.587710705E2,6.504270008E1,2.546068567E1,1.466054689E1,1.406817699E0,2.712819468E2,3.219523326E0,3.675918278E0
2.597716910E2,6.504270134E1,2.546065997E1,1.460887800E1,1.263087669E0,2.744604084E2,3.220719671E0,3.669044430E0
2.607716948E2,6.504269899E1,2.546063520E1,1.435463213E1,1.167359294E0,2.691642838E2,3.171160125E0,3.709025430E0
2.617716901E2,6.504270293E1,2.546061435E1,1.413606811E1,1.083526748E0,2.787064972E2,3.161274938E0,3.740811122E0
2.627716894E2,6.504270196E1,2.546059477E1,1.424497046E1,9.060889754E-1,2.724146600E2,3.169450408E0,3.513882438E0
2.637716900E2,6.504270195E1,2.546057483E1,1.432665830E1,9.182358017E-1,2.704171955E2,3.157023233E0,3.436624094E0
2.647716850E2,6.504270211E1,2.546055615E1,1.439284013E1,9.044543986E-1,2.690930470E2,3.162289481E0,3.437374027E0
2.657716846E2,6.504270179E1,2.546053816E1,1.413064620E1,8.832135626E-1,2.664921112E2,3.201362455E0,3.815532821E0
2.667716808E2,6.504270145E1,2.546051626E1,1.401200972E1,9.456826869E-1,2.673694226E2,3.255488777E0,3.942672310E0
2.677716714E2,6.504270105E1,2.546049541E1,1.406692733E1,9.605156002E-1,2.674214807E2,3.225005936E0,3.530200334E0
2.687716697E2,6.504269985E1,2.546046730E1,1.406797921E1,1.140221799E0,2.653256632E2,3.239300746E0,3.755169560E0
2.697716681E2,6.504269596E1,2.546044268E1,1.395236360E1,1.141492737E0,2.577198636E2,3.302184352E0,3.767203631E0
2.707716591E2,6.504269318E1,2.546042286E1,1.395017129E1,1.004022033E0,2.546415723E2,3.253630441E0,3.873578093E0
2.717716571E2,6.504269239E1,2.546040366E1,1.393353183E1,9.083489210E-1,2.578674262E2,3.222389106E0,3.499175763E0
2.727716548E2,6.504268867E1,2.546038128E1,1.387914726E1,1.031716213E0,2.522434416E2,3.161269651E0,3.375291857E0
2.737716482E2,6.504268341E1,2.546036359E1,1.367535760E1,1.060670995E0,2.444859793E2,3.103206175E0,3.734402879E0
2.747716404E2,6.504267408E1,2.546034330E1,1.377572668E1,1.197301601E0,2.326568727E2,3.048045888E0,3.684479814E0
2.757716266E2,6.504266461E1,2.546033247E1,1.354289599E1,1.140235771E0,2.225260238E2,3.038913833E0,3.678154631E0
2.767716196E2,6.504265519E1,2.546032361E1,1.342563320E1,1.149270988E0,2.150297096E2,2.986968139E0,3.665854948E0
2.777716058E2,6.504264344E1,2.546031490E1,1.367981120E1,1.233144628E0,2.083750851E2,2.987049299E0,3.748107024E0
2.787715962E2,6.504263309E1,2.546031390E1,1.349996567E1,1.179040768E0,1.972129409E2,2.937696833E0,3.470210187E0
2.797715915E2,6.504262408E1,2.546031503E1,1.333603379E1,1.065294426E0,1.896248630E2,2.890811984E0,3.385532762E0
2.807715778E2,6.504261465E1,2.546031373E1,1.324447168E1,1.049818702E0,1.866522121E2,2.846271377E0,3.552163693E0
2.817715689E2,6.504260213E1,2.546031133E1,1.333645882E1,1.204273048E0,1.851941547E2,2.803957820E0,3.624355990E0
2.827715605E2,6.504258859E1,2.546031410E1,1.326560894E1,1.352898878E0,1.806062614E2,2.763759924E0,3.562697077E0
2.837715524E2,6.504257429E1,2.546031909E1,1.328081184E1,1.456694201E0,1.760687152E2,2.736074396E0,3.216004026E0
2.847715439E2,6.504256067E1,2.546032289E1,1.346464462E1,1.472132075E0,1.741478456E2,2.699270671E0,3.596738831E0
2.857715364E2,6.504254693E1,2.546032432E1,1.354578613E1,1.483155194E0,1.755530460E2,2.664307130E0,3.654196839E0
2.867715278E2,6.504253368E1,2.546032590E1,1.360170319E1,1.481089389E0,1.763374305E2,2.631091766E0,3.664148933E0
2.877715224E2,6.504252030E1,2.546032856E1,1.379380637E1,1.475939538E0,1.765866266E2,2.603575013E0,3.595708001E0
2.887715135E2,6.504250640E1,2.546032743E1,1.389114317E1,1.506632925E0,1.797857471E2,2.573396275E0,3.530338629E0
2.897715063E2,6.504249372E1,2.546032845E1,1.378157776E1,1.492822204E0,1.795760493E2,2.544726463E0,3.468540907E0
2.907714993E2,6.504248066E1,2.546032617E1,1.382346814E1,1.490119902E0,1.821039651E2,2.528994295E0,3.475028259E0
2.917714959E2,6.504246768E1,2.546032451E1,1.419400381E1,1.476483843E0,1.823570620E2,2.502544582E0,3.387139033E0
2.927714857E2,6.504245555E1,2.546032472E1,1.441334157E1,1.473152401E0,1.826771748E2,2.477417350E0,3.357532953E0
2.937714812E2,6.504244624E1,2.546032216E1,1.493804392E1,1.335817476E0,1.862454095E2,2.473717182E0,3.298379824E0
2.947714727E2,6.504243789E1,2.546031771E1,1.509229271E1,1.142863850E0,1.901745593E2,2.450031323E0,3.271072149E0
2.957714651E2,6.504243166E1,2.546031747E1,1.501319063E1,8.878969577E-1,1.881416502E2,2.452678863E0,3.019091873E0
2.967714587E2,6.504242546E1,2.546031543E1,1.475308712E1,7.856122333E-1,1.889650482E2,2.430044913E0,3.193189888E0
2.977714522E2,6.504241513E1,2.546031031E1,1.490206740E1,9.656709053E-1,1.914869936E2,2.408542666E0,3.090418347E0
2.987714491E2,6.504240544E1,2.546030220E1,1.490036527E1,1.042743242E0,1.960433730E2,2.388115528E0,3.000000000E0
2.997714404E2,6.504239759E1,2.546029429E1,1.500028549E1,9.698877179E-1,1.992064860E2,2.368709756E0,3.000000000E0
3.007714335E2,6.504239506E1,2.546029271E1,1.530522935E1,5.602334285E-1,1.988909607E2,2.374278379E0,3.147023382E0
3.017714312E2,6.504239367E1,2.546029257E1,1.525965790E1,3.192993532E-1,1.954664048E2,2.396909238E0,3.000000000E0
3.027714224E2,6.504239291E1,2.546029718E1,1.525788645E1,1.637927949E-1,1.954664092E2,2.389088716E0,3.000000000E0
3.037714199E2,6.504238686E1,2.546029386E1,1.526794705E1,4.773218735E-1,1.954664063E2,2.369634275E0,3.000000000E0
3.047714096E2,6.504238061E1,2.546029158E1,1.552114411E1,6.733691669E-1,1.867347827E2,2.443586983E0,3.000000000E0
3.057714037E2,6.504237863E1,2.546029372E1,1.506814788E1,4.845287100E-1,1.803476353E2,2.527433530E0,3.000000000E0
3.067713991E2,6.504237828E1,2.546029709E1,1.468716223E1,3.331046047E-1,1.739414592E2,2.501061859E0,3.000000000E0
3.077713932E2,6.504237616E1,2.546029900E1,1.423299050E1,3.906042455E-1,1.739414607E2,2.490018370E0,3.000000000E0
3.087713883E2,6.504236811E1,2.546030346E1,1.399472207E1,6.619893734E-1,1.678372398E2,2.491339697E0,3.000000000E0
3.097713827E2,6.504236395E1,2.546030741E1,1.368693661E1,6.326678708E-1,1.641895445E2,2.480159000E0,3.000000000E0
3.107713785E2,6.504235179E1,2.546031980E1,1.369555557E1,1.047289333E0,1.616342405E2,2.471527428E0,3.000000000E0
3.117713712E2,6.504233903E1,2.546032831E1,1.395941595E1,1.237479938E0,1.630916182E2,2.447951049E0,3.000000000E0
3.127713648E2,6.504232663E1,2.546033388E1,1.399451797E1,1.361494807E0,1.651846111E2,2.446002000E0,3.054216431E0
3.137713591E2,6.504231668E1,2.546033716E1,1.403983147E1,1.197816966E0,1.681136426E2,2.423701897E0,3.000000000E0
3.147713572E2,6.504230493E1,2.546034427E1,1.400274758E1,1.239032395E0,1.667743084E2,2.402516801E0,3.000000000E0
3.157713521E2,6.504229518E1,2.546034779E1,1.393123543E1,1.199385626E0,1.675243174E2,2.382390945E0,3.000000000E0
3.167713431E2,6.504228400E1,2.546035156E1,1.399927497E1,1.200867043E0,1.693849561E2,2.363271401E0,3.000000000E0
3.177713379E2,6.504227283E1,2.546035780E1,1.421102739E1,1.194505312E0,1.677077753E2,2.348007402E0,3.000000000E0
3.187713327E2,6.504226480E1,2.546036130E1,1.429772324E1,9.853236897E-1,1.688629839E2,2.331071703E0,3.000000000E0
3.197713269E2,6.504225735E1,2.546036755E1,1.420379077E1,9.339977601E-1,1.663459148E2,2.333338478E0,3.000000000E0
3.207713223E2,6.504224443E1,2.546037424E1,1.426115338E1,1.123479669E0,1.669856492E2,2.372043049E0,3.000000000E0
3.217713195E2,6.504223225E1,2.546037952E1,1.433398416E1,1.209929276E0,1.687759145E2,2.363831186E0,3.000000000E0
3.227713119E2,6.504222063E1,2.546038513E1,1.426682565E1,1.214606241E0,1.695847135E2,2.359529487E0,3.000000000E0
3.237713060E2,6.504220916E1,2.546038470E1,1.401759563E1,1.224906170E0,1.752213852E2,2.357905919E0,3.000000000E0
3.247713006E2,6.504219586E1,2.546038889E1,1.405359392E1,1.386213160E0,1.748358852E2,2.370750521E0,3.000000000E0
3.257712967E2,6.504218280E1,2.546039342E1,1.418275925E1,1.392322428E0,1.743261129E2,2.352213000E0,3.000000000E0
3.267712910E2,6.504217223E1,2.546039872E1,1.403047908E1,1.282478255E0,1.723899682E2,2.359854896E0,3.000000000E0
3.277712854E2,6.504215930E1,2.546040703E1,1.434458989E1,1.285301553E0,1.697840294E2,2.341862147E0,3.000000000E0
3.287712804E2,6.504215035E1,2.546041306E1,1.427921075E1,1.120268239E0,1.687579503E2,2.325165245E0,3.000000000E0
3.297712753E2,6.504213496E1,2.546041587E1,1.443360554E1,1.292948248E0,1.739436617E2,2.308906974E0,3.000000000E0
3.307712698E2,6.504212435E1,2.546041708E1,1.464063856E1,1.189903030E0,1.761657541E2,2.293461641E0,3.000000000E0
3.317712702E2,6.504211489E1,2.546041732E1,1.421039839E1,1.145127839E0,1.748518828E2,2.313099364E0,3.000000000E0
3.327712598E2,6.504210667E1,2.546041812E1,1.368304957E1,1.029426831E0,1.778492740E2,2.378484690E0,3.000000000E0
3.337712575E2,6.504209321E1,2.546041663E1,1.396988202E1,1.146973604E0,1.832491471E2,2.401566900E0,3.000000000E0
3.347712536E2,6.504208213E1,2.546041649E1,1.426085231E1,1.131658856E0,1.826255150E2,2.405172606E0,3.000000000E0
3.357712443E2,6.504207123E1,2.546042070E1,1.420192697E1,1.070638380E0,1.782835360E2,2.411010241E0,3.000000000E0
3.367712396E2,6.504205968E1,2.546042290E1,1.427395621E1,1.163194510E0,1.775602092E2,2.395694049E0,3.000000000E0
3.377712344E2,6.504204892E1,2.546042356E1,1.438397445E1,1.178218406E0,1.779788511E2,2.393361256E0,3.016728576E0
3.387712294E2,6.504204038E1,2.546041874E1,1.453285947E1,1.039141174E0,1.809467909E2,2.410874437E0,3.099871204E0
3.397712257E2,6.504202725E1,2.546041743E1,1.456925787E1,1.169816744E0,1.827907505E2,2.390330704E0,3.078611444E0
3.407712190E2,6.504201376E1,2.546041596E1,1.447522478E1,1.322606924E0,1.828373074E2,2.370814169E0,3.008183405E0
3.417712135E2,6.504199912E1,2.546041691E1,1.459318063E1,1.404714896E0,1.816659053E2,2.352273454E0,3.070153556E0
3.427712091E2,6.504198408E1,2.546041492E1,1.484375978E1,1.513515483E0,1.820184462E2,2.334659780E0,3.014055211E0
3.437712045E2,6.504196810E1,2.546041326E1,1.480202441E1,1.661610987E0,1.831750743E2,2.345680223E0,3.162394449E0
3.447712021E2,6.504195708E1,2.546041121E1,1.427531665E1,1.659888324E0,1.824844983E2,2.374931126E0,3.256609656E0
3.457711931E2,6.504194168E1,2.546042051E1,1.474939864E1,1.646897440E0,1.775471133E2,2.356184564E0,3.246897057E0
3.467711934E2,6.504192755E1,2.546042670E1,1.489190460E1,1.651176192E0,1.751403050E2,2.375356223E0,3.331635569E0
3.477711830E2,6.504191403E1,2.546043078E1,1.491625116E1,1.621565199E0,1.744335636E2,2.356588401E0,3.310930501E0
3.487711791E2,6.504190101E1,2.546043337E1,1.509804510E1,1.642102394E0,1.745384797E2,2.343015514E0,3.326873748E0
3.497711740E2,6.504188865E1,2.546042955E1,1.538096914E1,1.626581849E0,1.791832583E2,2.325864746E0,3.318852763E0
3.507711682E2,6.504187711E1,2.546042428E1,1.527340561E1,1.616291112E0,1.831167876E2,2.315152920E0,3.337501525E0
3.517711631E2,6.504186547E1,2.546041921E1,1.504674960E1,1.587827590E0,1.848245652E2,2.326344720E0,3.398531255E0
3.527711583E2,6.504185437E1,2.546041729E1,1.484137858E1,1.574795366E0,1.842621164E2,2.371714180E0,3.464260110E0
3.537711531E2,6.504184218E1,2.546041693E1,1.489889092E1,1.631172032E0,1.818721264E2,2.364670535E0,3.486296374E0
3.547711499E2,6.504182956E1,2.546041937E1,1.509843242E1,1.665521773E0,1.784009814E2,2.351893668E0,3.530334820E0
3.557711437E2,6.504181732E1,2.546041940E1,1.578835478E1,1.624990992E0,1.789686717E2,2.359064737E0,3.516364526E0
3.567711388E2,6.504180379E1,2.546042192E1,1.568580225E1,1.667349370E0,1.781408567E2,2.341111499E0,3.452516951E0
3.577711331E2,6.504178973E1,2.546042175E1,1.553753366E1,1.682050257E0,1.801548888E2,2.342782003E0,3.455627805E0
3.587711285E2,6.504177589E1,2.546042258E1,1.540656539E1,1.683303017E0,1.792286975E2,2.325642892E0,3.419370858E0
3.597711257E2,6.504176247E1,2.546042549E1,1.558517821E1,1.671147363E0,1.783978587E2,2.309360744E0,3.397760553E0
3.607711190E2,6.504174889E1,2.546042706E1,1.560153590E1,1.646506381E0,1.790282240E2,2.293892708E0,3.361988235E0
3.617711142E2,6.504173611E1,2.546042538E1,1.512312870E1,1.602625045E0,1.821204881E2,2.287683557E0,3.328284846E0
3.627711080E2,6.504172353E1,2.546042268E1,1.525945835E1,1.638689369E0,1.849477027E2,2.273299381E0,3.340533528E0
3.637711039E2,6.504171087E1,2.546041716E1,1.529733391E1,1.640992989E0,1.876533067E2,2.259634406E0,3.262944475E0
3.647711005E2,6.504169735E1,2.546041440E1,1.535465322E1,1.673860135E0,1.867317171E2,2.268177892E0,3.172902067E0
3.657710936E2,6.504168359E1,2.546042807E1,1.592905996E1,1.666464861E0,1.755789816E2,2.254769001E0,3.035420316E0
3.667710886E2,6.504166961E1,2.546042503E1,1.579168498E1,1.661958558E0,1.789488335E2,2.242030555E0,3.040071174E0
3.677710836E2,6.504165562E1,2.546042436E1,1.618140807E1,1.691016381E0,1.796898638E2,2.271274071E0,3.132617477E0
3.687710793E2,6.504164247E1,2.546042199E1,1.627508358E1,1.677065257E0,1.808997872E2,2.289295574E0,3.140282336E0
3.697710742E2,6.504162921E1,2.546041845E1,1.619637252E1,1.671018168E0,1.845206813E2,2.276390122E0,3.125515946E0
3.707710687E2,6.504161784E1,2.546041910E1,1.641878366E1,1.648045455E0,1.829141924E2,2.262570611E0,3.171341883E0
3.717710644E2,6.504160812E1,2.546042778E1,1.676304317E1,1.616840070E0,1.748756640E2,2.273213015E0,3.219800930E0
3.727710589E2,6.504159930E1,2.546043565E1,1.707755039E1,1.577003139E0,1.712944685E2,2.304025805E0,3.201083758E0
3.737710538E2,6.504158768E1,2.546043861E1,1.710119020E1,1.641300949E0,1.756700896E2,2.331343616E0,3.264294430E0
3.747710481E2,6.504157590E1,2.546043707E1,1.737336206E1,1.642844337E0,1.817540551E2,2.328629327E0,3.292531276E0
3.757710432E2,6.504156437E1,2.546043646E1,1.721932481E1,1.658966135E0,1.834491442E2,2.312197853E0,3.271968493E0
3.767710389E2,6.504155316E1,2.546043607E1,1.727315653E1,1.666558892E0,1.827097870E2,2.347800584E0,3.334304394E0
3.777710339E2,6.504154116E1,2.546043461E1,1.732458157E1,1.677098482E0,1.828668947E2,2.365312867E0,3.333206411E0
3.787710284E2,6.504152902E1,2.546043320E1,1.771258984E1,1.654230743E0,1.829277640E2,2.357319631E0,3.244655807E0
3.797710245E2,6.504151583E1,2.546044145E1,1.785687281E1,1.688851880E0,1.760777366E2,2.370064471E0,3.285928240E0
3.807710191E2,6.504150463E1,2.546043241E1,1.763169312E1,1.655316254E0,1.835220408E2,2.369099336E0,3.388205307E0
3.817710142E2,6.504149267E1,2.546043448E1,1.797349661E1,1.635705642E0,1.827125733E2,2.398663248E0,3.382336853E0
3.827710088E2,6.504148027E1,2.546043618E1,1.784841008E1,1.678483654E0,1.802404464E2,2.430734661E0,3.402386732E0
3.837710042E2,6.504146847E1,2.546044633E1,1.797339993E1,1.648830447E0,1.723740215E2,2.476033239E0,3.364842956E0
3.847710013E2,6.504146001E1,2.546045042E1,1.741302787E1,1.633985811E0,1.693930538E2,2.475331386E0,3.262427341E0
3.857716177E2,6.504145634E1,2.546045483E1,1.681263558E1,1.527589221E0,1.644048070E2,2.501194840E0,3.286227409E0
3.867716163E2,6.504145443E1,2.546046258E1,1.638185846E1,1.469802061E0,1.583117043E2,2.489244319E0,3.278834666E0
3.877716126E2,6.504145880E1,2.546046853E1,1.546038460E1,9.717761032E-1,1.458270318E2,2.527135195E0,3.286178141E0
3.887716107E2,6.504147796E1,2.546045049E1,1.556728280E1,6.525246342E-1,3.459164604E2,2.541219845E0,3.052057359E0
3.897716117E2,6.504147818E1,2.546044639E1,1.547897345E1,1.333843299E-1,3.375918692E2,2.537339541E0,3.012237056E0
3.907716031E2,6.504147528E1,2.546045082E1,1.550755755E1,2.065578036E-2,3.375918730E2,2.553590620E0,3.000000000E0
3.917716092E2,6.504147174E1,2.546045155E1,1.550382513E1,4.276294769E-2,3.375918740E2,2.575111863E0,3.000000000E0
3.927716097E2,6.504147118E1,2.546045763E1,1.533138443E1,1.593609694E-2,3.375918789E2,2.617544413E0,3.000000000E0
3.937716073E2,6.504146889E1,2.546045724E1,1.538547541E1,1.959927373E-2,3.375918788E2,2.620336771E0,3.000000000E0
3.947716011E2,6.504146846E1,2.546045655E1,1.539670832E1,5.424932285E-2,3.375918783E2,2.650692396E0,3.000000000E0
3.957716010E2,6.504146899E1,2.546045471E1,1.542163976E1,2.757759387E-2,3.375918768E2,2.634201115E0,3.000000000E0
3.967715942E2,6.504146884E1,2.546045459E1,1.547178615E1,3.275046480E-2,3.375918767E2,2.742697149E0,3.000000000E0
3.977715898E2,6.504146744E1,2.546045473E1,1.538388411E1,2.307199415E-2,3.375918770E2,2.815652106E0,3.000000000E0
3.987715874E2,6.504146529E1,2.546045364E1,1.544355277E1,4.283696133E-2,3.375918764E2,2.848725540E0,3.000000000E0
3.997715778E2,6.504146005E1,2.546045214E1,1.552151618E1,9.343132505E-2,3.375918757E2,2.829857484E0,3.000000000E0
4.007715707E2,6.504146336E1,2.546043846E1,1.549519229E1,4.280224959E-1,3.375918645E2,2.788364608E0,3.000000000E0
4.017715631E2,6.504146029E1,2.546043532E1,1.573578943E1,1.046596180E-1,3.375918624E2,2.771456879E0,3.000000000E0
4.027715594E2,6.504145528E1,2.546043899E1,1.585517709E1,6.857961216E-2,3.375918659E2,2.811057524E0,3.004347026E0
4.037715496E2,6.504144866E1,2.546043679E1,1.582558906E1,8.472407993E-2,3.375918649E2,2.795375005E0,3.000000000E0
4.047715470E2,6.504143909E1,2.546044209E1,1.616638405E1,9.282456667E-2,3.375918701E2,2.755606254E0,3.000000000E0
4.057715391E2,6.504143260E1,2.546043765E1,1.614335221E1,6.750816018E-2,3.375918673E2,2.755835772E0,3.000000000E0
4.067715322E2,6.504142417E1,2.546043784E1,1.628582408E1,8.252711322E-2,3.375918684E2,2.718043983E0,3.000000000E0
4.077715232E2,6.504141697E1,2.546043614E1,1.629172733E1,7.538968089E-2,3.375918679E2,2.749488673E0,3.000000000E0
4.087715168E2,6.504140715E1,2.546043404E1,1.593655829E1,1.026899257E-1,3.375918673E2,2.800384180E0,3.000000000E0
4.097715111E2,6.504139795E1,2.546042970E1,1.589583089E1,1.242925219E-1,3.375918649E2,2.804127268E0,3.000000000E0
4.107715046E2,6.504138913E1,2.546042750E1,1.568911218E1,8.701399128E-2,3.375918641E2,2.791096359E0,3.000000000E0
4.117714982E2,6.504137691E1,2.546042832E1,1.578796551E1,1.005868089E-1,3.375918661E2,2.773022321E0,3.000000000E0
4.127714915E2,6.504136622E1,2.546043175E1,1.582889774E1,1.900060858E-1,3.375918700E2,2.781742878E0,3.000000000E0
4.137714859E2,6.504135315E1,2.546043687E1,1.584283247E1,9.653338677E-2,3.375918756E2,2.766570791E0,3.000000000E0
4.147714797E2,6.504134579E1,2.546044155E1,1.564186965E1,5.113838816E-2,3.375918801E2,2.728242251E0,3.000000000E0
4.157714734E2,6.504133717E1,2.546045491E1,1.583850507E1,1.476936827E-1,3.375918916E2,2.691830140E0,3.000000000E0
4.167714682E2,6.504132823E1,2.546047159E1,1.617505653E1,1.122119043E-1,3.375919059E2,2.657238633E0,3.000000000E0
4.177714620E2,6.504131910E1,2.546049574E1,1.614398738E1,1.360701521E-1,3.375919260E2,2.625432663E0,3.000000000E0
4.187714558E2,6.504131551E1,2.546051842E1,1.622904122E1,1.532490841E-1,3.375919444E2,2.594161032E0,3.000000000E0
4.197714503E2,6.504131201E1,2.546054717E1,1.633889931E1,1.687276552E-1,3.375919676E2,2.564452981E0,3.000000000E0
4.207714447E2,6.504130841E1,2.546057808E1,1.624123735E1,1.745798270E-1,3.375919925E2,2.544360827E0,3.000000000E0
4.217714386E2,6.504130643E1,2.546060036E1,1.634788478E1,1.638199337E-1,3.375920103E2,2.558877672E0,3.000000000E0
4.227714323E2,6.504130642E1,2.546063352E1,1.646569957E1,2.297682149E-1,3.375920366E2,2.530933790E0,3.000000000E0
4.237714272E2,6.504130306E1,2.546066449E1,1.654283678E1,1.893212351E-1,3.375920615E2,2.536583624E0,3.000000000E0
4.247714216E2,6.504130001E1,2.546069778E1,1.668153291E1,1.700648509E-1,3.375920883E2,2.613082156E0,3.000000000E0
4.257714156E2,6.504129524E1,2.546072207E1,1.674553200E1,1.392216392E-1,3.375921081E2,2.582428047E0,3.000000000E0
4.267714100E2,6.504129331E1,2.546074594E1,1.666907369E1,1.458969709E-1,3.375921272E2,2.553306646E0,3.000000000E0
4.277714049E2,6.504129165E1,2.546077584E1,1.693089928E1,2.115760974E-1,3.375921511E2,2.525641314E0,3.000000000E0
4.287713991E2,6.504129447E1,2.546080572E1,1.719756783E1,3.735170361E-1,3.375921744E2,2.499359246E0,3.000000000E0
4.297713938E2,6.504129475E1,2.546084073E1,1.704271250E1,2.613875206E-1,3.375922022E2,2.507972957E0,3.000000000E0
4.307713875E2,6.504129141E1,2.546086332E1,1.688299549E1,1.639464050E-1,3.375922204E2,2.505928012E0,3.000000000E0
4.317713821E2,6.504129301E1,2.546091466E1,1.730703070E1,9.598051492E-1,7.249073754E1,2.486079112E0,3.000000000E0
4.327713766E2,6.504129251E1,2.546094909E1,1.700569714E1,1.273341806E0,8.335075123E1,2.461775131E0,3.185708829E0
4.337713705E2,6.504129026E1,2.546097295E1,1.684375257E1,1.179123726E0,9.092551090E1,2.444789116E0,3.174840251E0
4.347713652E2,6.504128711E1,2.546100047E1,1.663052563E1,1.214997860E0,9.841626031E1,2.463799512E0,3.289653850E0
4.357713599E2,6.504128525E1,2.546103249E1,1.662484908E1,1.350506842E0,9.870779745E1,2.451315292E0,3.127602674E0
4.367713538E2,6.504128512E1,2.546106842E1,1.697184015E1,1.640028313E0,9.503121892E1,2.433617001E0,3.298052391E0
4.377713486E2,6.504128489E1,2.546110062E1,1.760623160E1,1.710274003E0,9.296573990E1,2.430846237E0,3.415857062E0
4.387713430E2,6.504128176E1,2.546113341E1,1.763877707E1,1.710363147E0,9.652167228E1,2.409303947E0,3.350892480E0
4.397713382E2,6.504128158E1,2.546116405E1,1.822310844E1,1.701651292E0,9.464861330E1,2.388838756E0,3.278727984E0
4.407713327E2,6.504127382E1,2.546119626E1,1.834179942E1,1.721858243E0,1.023753892E2,2.737393104E0,3.829284391E0
4.417713270E2,6.504126896E1,2.546123035E1,1.752557269E1,1.727240495E0,1.018766001E2,2.795399304E0,3.871324464E0
4.427713217E2,6.504126521E1,2.546126096E1,1.760857972E1,1.720490692E0,1.016911030E2,2.968140999E0,4.036198869E0
4.437713169E2,6.504126483E1,2.546128980E1,1.847242052E1,1.716972583E0,9.600005068E1,3.068445678E0,4.064459549E0
4.447713109E2,6.504126171E1,2.546132018E1,1.858597664E1,1.688953804E0,9.498541506E1,3.271738312E0,4.249057131E0
4.457713051E2,6.504125934E1,2.546135110E1,1.803244297E1,1.716255776E0,9.334666167E1,3.271345310E0,4.409300262E0
4.467713000E2,6.504126031E1,2.546138212E1,1.844132192E1,1.685079948E0,9.091647739E1,3.334178277E0,4.606810784E0
4.477712945E2,6.504125578E1,2.546141527E1,1.897735934E1,1.669012582E0,9.594988086E1,3.315067957E0,4.495878961E0
4.487712886E2,6.504126102E1,2.546144410E1,1.957173940E1,1.613991074E0,8.461912099E1,3.322924149E0,4.706448344E0
4.497712839E2,6.504126376E1,2.546146669E1,2.005177183E1,1.588598085E0,8.166963119E1,3.384827344E0,4.760783654E0
4.507712781E2,6.504126353E1,2.546149185E1,2.003244109E1,1.630631919E0,8.515689248E1,3.354401843E0,4.756091794E0
4.517712733E2,6.504125929E1,2.546151678E1,2.011872579E1,1.672307679E0,9.435255127E1,3.373060101E0,4.800609661E0
4.527712678E2,6.504125983E1,2.546152802E1,1.907026392E1,1.460578526E0,9.279758297E1,3.373099563E0,4.857597080E0
4.537712625E2,6.504125681E1,2.546154297E1,1.835872239E1,1.309611366E0,1.012719227E2,3.304444566E0,4.653536860E0
4.547712572E2,6.504125114E1,2.546157225E1,1.852500281E1,1.619537464E0,1.060210397E2,3.239222336E0,4.678829818E0
4.557712516E2,6.504124952E1,2.546160025E1,1.889065198E1,1.680365344E0,1.030970314E2,3.185601810E0,4.634072596E0
4.567712463E2,6.504125426E1,2.546162826E1,1.910929845E1,1.677160649E0,8.779883982E1,3.130095590E0,4.579014549E0
4.577712409E2,6.504125628E1,2.546165751E1,1.922510642E1,1.691231039E0,8.481627696E1,3.088203459E0,4.458102705E0
4.587712355E2,6.504126337E1,2.546168111E1,1.913890445E1,1.687437402E0,7.384930227E1,3.033793280E0,4.511049769E0
4.597712300E2,6.504126190E1,2.546170682E1,1.872336762E1,1.641587177E0,8.289900972E1,2.982103624E0,4.274506756E0
4.607712246E2,6.504126175E1,2.546173400E1,1.935817758E1,1.631816595E0,8.558604139E1,2.932998455E0,4.151535257E0
4.617712191E2,6.504125881E1,2.546176400E1,1.952037169E1,1.663021003E0,9.190474835E1,2.905016478E0,4.173239089E0
4.627712140E2,6.504125748E1,2.546179016E1,1.941364307E1,1.668032380E0,9.382138014E1,2.874475109E0,4.122585216E0
4.637712089E2,6.504125725E1,2.546181518E1,1.935426977E1,1.648810088E0,9.324533819E1,2.893964639E0,4.171311781E0
4.647712040E2,6.504125619E1,2.546183899E1,1.886668499E1,1.582769466E0,9.464514102E1,2.870958515E0,4.067607343E0
4.657711983E2,6.504125254E1,2.546186629E1,1.880713531E1,1.662755804E0,1.006768130E2,2.846571204E0,4.042557875E0
4.667711929E2,6.504125607E1,2.546189338E1,1.915149950E1,1.657853541E0,9.130428158E1,2.844923526E0,4.066907430E0
4.677711868E2,6.504125426E1,2.546192211E1,1.903397086E1,1.653814476E0,9.233369805E1,2.861761628E0,4.129732798E0
4.687711822E2,6.504125397E1,2.546195098E1,1.907684327E1,1.636185953E0,9.017466924E1,2.818673522E0,4.022077011E0
4.697711768E2,6.504125345E1,2.546197692E1,1.918527801E1,1.618482469E0,9.029813406E1,2.814802600E0,4.069741491E0
4.707711718E2,6.504125895E1,2.546199712E1,1.954667434E1,1.539359359E0,7.854564133E1,2.838056062E0,4.051235856E0
4.717711667E2,6.504126595E1,2.546200948E1,1.968057454E1,1.446202339E0,6.546182334E1,2.813621366E0,4.009374072E0
4.727711602E2,6.504127165E1,2.546201290E1,1.993423068E1,1.331382322E0,5.493695466E1,2.813092658E0,3.931632346E0
4.737711550E2,6.504127756E1,2.546201300E1,2.037776397E1,1.152140464E0,4.244971590E1,2.829456923E0,3.796588042E0
4.747711499E2,6.504127660E1,2.546200079E1,2.156175898E1,1.589360966E0,NaN,2.825498841E0,3.397611384E0
4.757711451E2,6.504126628E1,2.546198867E1,2.170686052E1,1.535832439E0,NaN,2.784223970E0,3.127638734E0
4.767711400E2,6.504125456E1,2.546199005E1,2.140589021E1,1.428929894E0,1.930036606E2,2.763500122E0,3.404949726E0
4.777711341E2,6.504126598E1,2.546202113E1,1.943364896E1,5.417306788E-1,7.513643340E1,2.725324929E0,3.362153221E0
4.787711289E2,6.504127069E1,2.546205053E1,1.930606225E1,9.773191675E-1,7.111072013E1,2.695206378E0,3.352508552E0
4.797711239E2,6.504126785E1,2.546207143E1,1.946740255E1,9.130194315E-1,8.680860128E1,2.668720329E0,3.354861426E0
4.807711186E2,6.504126408E1,2.546209496E1,1.975453550E1,1.035381068E0,9.777713675E1,2.656064207E0,3.361069330E0
4.817711128E2,6.504125815E1,2.546211869E1,1.946957420E1,1.129535630E0,1.061259649E2,2.658816759E0,3.364358146E0
4.827711076E2,6.504125635E1,2.546214983E1,1.945570793E1,1.293652123E0,1.011275892E2,2.633755458E0,3.313645960E0
4.837711020E2,6.504125522E1,2.546217780E1,1.959976753E1,1.307682005E0,9.813839103E1,2.629060836E0,3.301955394E0
4.847710967E2,6.504125425E1,2.546220751E1,1.942464846E1,1.378099823E0,9.553776279E1,2.633399285E0,3.362491714E0
4.857710922E2,6.504125374E1,2.546223623E1,1.934078356E1,1.365142000E0,9.317504605E1,2.625978008E0,3.363251976E0
4.867710862E2,6.504125186E1,2.546226655E1,1.902599729E1,1.371742828E0,9.456284921E1,2.594679103E0,3.507760686E0
4.877710811E2,6.504125083E1,2.546229382E1,1.901567560E1,1.304537932E0,9.421777760E1,2.601730807E0,3.520115261E0
4.887710757E2,6.504124990E1,2.546231675E1,1.899922194E1,1.172705874E0,9.525270846E1,2.579012310E0,3.297987875E0
4.897710708E2,6.504124989E1,2.546233159E1,1.899958737E1,8.860833032E-1,9.257695940E1,2.550061694E0,3.290130115E0
4.907710654E2,6.504125288E1,2.546232898E1,1.927504136E1,3.083119657E-1,7.807573175E1,2.562553345E0,3.206283306E0
4.917710601E2,6.504125491E1,2.546232620E1,1.931840981E1,1.311048562E-1,7.807572949E1,2.534425685E0,3.000000000E0
4.927710544E2,6.504125440E1,2.546232694E1,1.922058285E1,1.050305846E-1,7.807573010E1,2.532805599E0,3.000000000E0
4.937710496E2,6.504125454E1,2.546232506E1,1.919089170E1,5.171606340E-2,7.807572843E1,2.575249429E0,3.000000000E0
4.947710440E2,6.504125454E1,2.546232455E1,1.919620097E1,0.000000000E0,7.807572797E1,2.613308394E0,3.047768857E0
4.957710385E2,6.504125503E1,2.546232625E1,1.894896795E1,6.405944172E-2,7.807572955E1,2.658415375E0,3.108876351E0
4.967710335E2,6.504125488E1,2.546234591E1,1.844985938E1,6.590551744E-1,8.475166778E1,2.630825944E0,3.000000000E0
4.977710278E2,6.504125568E1,2.546236192E1,1.834488533E1,7.056021310E-1,8.521267375E1,2.628511892E0,3.176798202E0
4.987710223E2,6.504125488E1,2.546237840E1,1.830585001E1,7.462665461E-1,9.207903792E1,2.688814991E0,3.400129755E0
4.997710170E2,6.504125498E1,2.546239054E1,1.833335464E1,6.355855815E-1,9.526502757E1,2.714964738E0,3.506680284E0
5.007710122E2,6.504125487E1,2.546240885E1,1.855363488E1,7.536611964E-1,9.399307289E1,2.679216500E0,3.463657386E0
5.017710072E2,6.504125370E1,2.546242466E1,1.859896751E1,7.801985587E-1,9.616176371E1,2.673104768E0,3.643854936E0
5.027710017E2,6.504125168E1,2.546244782E1,1.845036557E1,9.591286875E-1,9.868377671E1,2.651987389E0,3.420206982E0
5.037709968E2,6.504125045E1,2.546247267E1,1.841422466E1,1.065474634E0,9.793431421E1,2.619388015E0,3.367059810E0
5.047709916E2,6.504124996E1,2.546250004E1,1.860466672E1,1.182742243E0,9.695310830E1,2.588418611E0,3.296189932E0
5.057709860E2,6.504125033E1,2.546252652E1,1.880017545E1,1.207195659E0,9.210287519E1,2.577406398E0,3.224772605E0
5.067709800E2,6.504125026E1,2.546255106E1,1.883269694E1,1.181582885E0,9.151717657E1,2.550291375E0,3.121036642E0
5.077709744E2,6.504124927E1,2.546257670E1,1.898843277E1,1.183608271E0,9.207236599E1,2.523116314E0,3.044996676E0
5.087709690E2,6.504124901E1,2.546259090E1,1.890421033E1,9.004119680E-1,9.362206002E1,2.496960506E0,3.016806797E0
5.097709639E2,6.504124716E1,2.546261625E1,1.906216787E1,1.053797685E0,9.537713204E1,2.492848968E0,3.068208963E0
5.107709593E2,6.504124527E1,2.546264065E1,1.897302156E1,1.117240067E0,9.546911980E1,2.468206521E0,3.005830275E0
5.117715489E2,6.504124247E1,2.546266442E1,1.892581898E1,1.102997667E0,9.817270530E1,2.452702090E0,3.000000000E0
5.127715526E2,6.504124086E1,2.546267984E1,1.877933580E1,9.016503867E-1,1.000608807E2,2.454870164E0,3.000000000E0
5.137715471E2,6.504123942E1,2.546270516E1,1.930392594E1,1.062145116E0,9.896480527E1,2.432126655E0,3.000000000E0
5.147715472E2,6.504123885E1,2.546272172E1,1.919851598E1,9.296627377E-1,9.769447144E1,2.422946296E0,3.000000000E0
5.157715465E2,6.504123980E1,2.546274393E1,1.947071893E1,9.650976010E-1,9.232657542E1,2.408790996E0,3.000000000E0
5.167715394E2,6.504124018E1,2.546276701E1,1.917137156E1,1.021700250E0,8.977716066E1,2.412223661E0,3.000000000E0
5.177715405E2,6.504124051E1,2.546279339E1,1.930365664E1,1.119325232E0,8.814414152E1,2.444112572E0,3.000000000E0
5.187715409E2,6.504124121E1,2.546281796E1,1.912975424E1,1.129795802E0,8.664008949E1,2.434049849E0,3.021933439E0
5.197715342E2,6.504124347E1,2.546284469E1,1.912903080E1,1.169850284E0,8.286792227E1,2.433041842E0,3.000000000E0
5.207715346E2,6.504124514E1,2.546286944E1,1.924049877E1,1.131439288E0,8.125370150E1,2.451633789E0,3.052514982E0
5.217715353E2,6.504124576E1,2.546289279E1,1.907935217E1,1.097036217E0,8.328329070E1,2.452740767E0,3.000000000E0
5.227715281E2,6.504124650E1,2.546291927E1,1.915562011E1,1.144532623E0,8.363362233E1,2.430103724E0,3.126448762E0
5.237715291E2,6.504124646E1,2.546294609E1,1.923643851E1,1.216114292E0,8.561932941E1,2.427578697E0,3.000000000E0
5.247715291E2,6.504124575E1,2.546297295E1,1.923276899E1,1.208299156E0,8.915973316E1,2.423993865E0,3.215295307E0
5.257715219E2,6.504124617E1,2.546299349E1,1.903627010E1,1.068074067E0,8.716217780E1,2.419566372E0,3.000000000E0
5.267715139E2,6.504124291E1,2.546301849E1,1.917442505E1,1.051918937E0,9.489414558E1,2.444763699E0,3.207593545E0
5.277715070E2,6.504124250E1,2.546303674E1,1.913673592E1,8.774086792E-1,9.382258418E1,2.465762802E0,3.000000000E0
5.287715008E2,6.504124361E1,2.546306782E1,1.930225969E1,1.085642751E0,8.910434102E1,2.472705341E0,3.258890653E0
5.297714936E2,6.504124539E1,2.546308707E1,1.912265398E1,9.403226998E-1,8.392015590E1,2.478568864E0,3.342097314E0
5.307714872E2,6.504124666E1,2.546309158E1,1.889371818E1,4.751875632E-1,7.695210503E1,2.466490595E0,3.000000000E0
5.317714803E2,6.504124306E1,2.546312931E1,1.885734273E1,1.035475235E0,9.515583003E1,2.484566687E0,3.000000000E0
5.327714738E2,6.504124157E1,2.546315769E1,1.878086882E1,1.156070826E0,9.559516323E1,2.548710615E0,3.072810669E0
5.337714677E2,6.504124000E1,2.546318466E1,1.864959071E1,1.162804647E0,9.435095963E1,2.577176725E0,3.192606115E0
5.347714611E2,6.504124006E1,2.546320925E1,1.883140650E1,1.109988075E0,9.113989823E1,2.548317885E0,3.278590589E0
5.357714549E2,6.504123990E1,2.546323090E1,1.872750041E1,9.894663215E-1,9.159551996E1,2.532969219E0,3.076600937E0
5.367714484E2,6.504124006E1,2.546325807E1,1.855970549E1,1.038097724E0,9.126950011E1,2.590496454E0,3.253112259E0
5.377714421E2,6.504123967E1,2.546328780E1,1.847547423E1,1.148928382E0,9.187798291E1,2.593257801E0,3.492386734E0
5.387714354E2,6.504124002E1,2.546331662E1,1.873607426E1,1.213955163E0,9.101575204E1,2.595732061E0,3.222325616E0
5.397714298E2,6.504123948E1,2.546333566E1,1.851689913E1,1.045939030E0,9.261567606E1,2.565945467E0,3.170936539E0
5.407714230E2,6.504123962E1,2.546336005E1,1.845931058E1,1.068753259E0,9.198834260E1,2.537648187E0,3.355630672E0
5.417714167E2,6.504123964E1,2.546338528E1,1.820218089E1,1.137107506E0,9.097793493E1,2.510765771E0,3.414047654E0
5.427714107E2,6.504123881E1,2.546341451E1,1.825820945E1,1.242970451E0,9.210702955E1,2.505664872E0,3.403752325E0
5.437714046E2,6.504123890E1,2.546344256E1,1.818453908E1,1.257188992E0,9.058869267E1,2.480381627E0,3.270806828E0
5.447713985E2,6.504123976E1,2.546346790E1,1.824482954E1,1.162129812E0,8.803309123E1,2.456362548E0,3.115639144E0
5.457713935E2,6.504124234E1,2.546348822E1,1.840780481E1,1.006096325E0,8.012102361E1,2.433544413E0,3.271977604E0
5.467713863E2,6.504124622E1,2.546350157E1,1.834890052E1,8.195000239E-1,7.010772965E1,2.417827141E0,3.329087603E0
5.477713814E2,6.504124945E1,2.546351205E1,1.843334729E1,6.860039345E-1,6.264767430E1,2.401533210E0,3.096424484E0
5.487713751E2,6.504125159E1,2.546352268E1,1.835131860E1,5.793926799E-1,6.495077136E1,2.381456554E0,3.099715258E0
5.497713687E2,6.504125496E1,2.546353158E1,1.848441637E1,5.346202738E-1,5.943398962E1,2.362383727E0,3.055999087E0
5.507713633E2,6.504125942E1,2.546353960E1,1.824571526E1,5.931933030E-1,5.289281656E1,2.354136499E0,3.057570559E0
5.517713577E2,6.504126615E1,2.546355341E1,1.836538283E1,7.817023909E-1,4.794167441E1,2.336429660E0,3.036104517E0
5.527713518E2,6.504127444E1,2.546356253E1,1.828997041E1,8.722594053E-1,3.799174021E1,2.319608163E0,3.037485294E0
5.537713460E2,6.504128409E1,2.546357134E1,1.856007301E1,9.791858227E-1,2.990897848E1,2.307352230E0,3.000000000E0
5.547713395E2,6.504129319E1,2.546358158E1,1.864619992E1,1.033409855E0,2.807822224E1,2.345251973E0,3.130883126E0
5.557713348E2,6.504130279E1,2.546359328E1,1.882020674E1,1.116192319E0,2.824747155E1,2.335007924E0,3.129931171E0
5.567713287E2,6.504130725E1,2.546360428E1,1.797429050E1,9.058122370E-1,3.355406059E1,2.318257557E0,3.129107398E0
5.577713231E2,6.504131631E1,2.546361424E1,1.812813622E1,9.310012677E-1,2.994371676E1,2.302344663E0,3.371365976E0
5.587713169E2,6.504132772E1,2.546362787E1,1.829658830E1,1.220695501E0,2.877236084E1,2.295113437E0,3.053629775E0
5.597713116E2,6.504133919E1,2.546363889E1,1.860863233E1,1.291231986E0,2.629634073E1,2.291830540E0,3.263736133E0
5.607713053E2,6.504134713E1,2.546365239E1,1.865635462E1,1.136810223E0,3.076307719E1,2.277239035E0,3.000000000E0
5.617712998E2,6.504135330E1,2.546366874E1,1.847881059E1,1.029140301E0,3.847213856E1,2.263377078E0,3.000000000E0
5.627712941E2,6.504135766E1,2.546368883E1,1.846307005E1,1.005601854E0,4.979456472E1,2.256258077E0,3.000000000E0
5.637712882E2,6.504135976E1,2.546371531E1,1.828398368E1,1.061871092E0,6.439492208E1,2.319345143E0,3.001768947E0
5.647712822E2,6.504136280E1,2.546374677E1,1.843715097E1,1.224630474E0,7.135764277E1,2.332230623E0,3.000000000E0
5.657712761E2,6.504136353E1,2.546377089E1,1.820211006E1,1.155095602E0,7.698852616E1,2.352846580E0,3.010820356E0
5.667712712E2,6.504136513E1,2.546379685E1,1.826188586E1,1.186194323E0,7.927100331E1,2.353116937E0,3.000000000E0
5.677712656E2,6.504136643E1,2.546382416E1,1.811091480E1,1.219128959E0,8.188837165E1,2.351027954E0,3.159287538E0
5.687712591E2,6.504136595E1,2.546385081E1,1.802884162E1,1.198981306E0,8.645656909E1,2.339037557E0,3.000000000E0
5.697712538E2,6.504136550E1,2.546387975E1,1.793408009E1,1.220049757E0,8.961297034E1,2.367442979E0,3.011799487E0
5.707712482E2,6.504136487E1,2.546390551E1,1.781792176E1,1.187520529E0,9.126801406E1,2.349070831E0,3.082550579E0
5.717712421E2,6.504136444E1,2.546393146E1,1.775401476E1,1.182773758E0,9.118185550E1,2.331617289E0,3.000000000E0
5.727712371E2,6.504136531E1,2.546395977E1,1.767713129E1,1.195549899E0,9.045818161E1,2.326596301E0,3.000000000E0
5.737712313E2,6.504136650E1,2.546398557E1,1.743551848E1,1.175405014E0,8.760656193E1,2.317534976E0,3.000000000E0
5.747712253E2,6.504136631E1,2.546401540E1,1.746285733E1,1.251052296E0,9.054472706E1,2.301658227E0,3.023362848E0
5.757712201E2,6.504136471E1,2.546404485E1,1.736990272E1,1.314530102E0,9.400728063E1,2.287018766E0,3.000000000E0
5.767712147E2,6.504136791E1,2.546406586E1,1.731427114E1,1.096844285E0,8.572166577E1,2.314489351E0,3.066691575E0
5.777712084E2,6.504136714E1,2.546409920E1,1.743565698E1,1.296902210E0,9.001439428E1,2.322847771E0,3.000000000E0
5.787712032E2,6.504136754E1,2.546412890E1,1.746689251E1,1.321158503E0,9.054620676E1,2.306705374E0,3.000000000E0
5.797711972E2,6.504136681E1,2.546415532E1,1.741816679E1,1.260267598E0,9.354011160E1,2.306603219E0,3.000000000E0
5.807711921E2,6.504136739E1,2.546418863E1,1.729185998E1,1.369926555E0,9.131355450E1,2.325857723E0,3.103676314E0
5.817711862E2,6.504136700E1,2.546421766E1,1.752720962E1,1.337047777E0,9.177549751E1,2.341125128E0,3.027117204E0
5.827711802E2,6.504136748E1,2.546425055E1,1.714818981E1,1.556712419E0,8.996389201E1,2.356093671E0,3.254664915E0
5.837711746E2,6.504136779E1,2.546428359E1,1.721077036E1,1.581707203E0,8.985542755E1,2.350795954E0,3.250279616E0
5.847711697E2,6.504136971E1,2.546431671E1,1.742379021E1,1.629071417E0,8.717156111E1,2.333256146E0,3.405188632E0
5.857711641E2,6.504136695E1,2.546434952E1,1.672127942E1,1.617265036E0,9.304392111E1,2.328405285E0,3.435006965E0
5.867711585E2,6.504136447E1,2.546438107E1,1.657520313E1,1.614724250E0,9.724513828E1,2.322266652E0,3.360576248E0
5.877711525E2,6.504136429E1,2.546440979E1,1.635403325E1,1.557739393E0,9.690507528E1,2.306153306E0,3.188934676E0
5.887711465E2,6.504137025E1,2.546443695E1,1.619305046E1,1.549542006E0,8.408817359E1,2.339094236E0,3.366247557E0
5.897711413E2,6.504137666E1,2.546446577E1,1.657390866E1,1.618832412E0,7.489665566E1,2.361390956E0,3.429327763E0
5.907711359E2,6.504138376E1,2.546449155E1,1.664228576E1,1.600078224E0,6.711810006E1,2.415069975E0,3.514804933E0
5.917711307E2,6.504138979E1,2.546451961E1,1.711597009E1,1.566134267E0,6.596228783E1,2.401923574E0,3.482562607E0
5.927711244E2,6.504139384E1,2.546454712E1,1.727305972E1,1.574801892E0,6.834439223E1,2.423828157E0,3.486556018E0
5.937711192E2,6.504139914E1,2.546457414E1,1.758960468E1,1.557394507E0,6.714628895E1,2.499771113E0,3.597507108E0
5.947711132E2,6.504140277E1,2.546460058E1,1.753754065E1,1.588008484E0,6.522656172E1,2.541844841E0,3.658468082E0
5.957711074E2,6.504140711E1,2.546462383E1,1.758096973E1,1.540108751E0,6.483740509E1,2.529984054E0,3.633112463E0
5.967711027E2,6.504140876E1,2.546464561E1,1.713471923E1,1.482533053E0,6.793363192E1,2.503484853E0,3.588346603E0
5.977710965E2,6.504141091E1,2.546466590E1,1.675321883E1,1.366390038E0,6.962287156E1,2.478310608E0,3.488212157E0
5.987710907E2,6.504141119E1,2.546469482E1,1.679531135E1,1.535287799E0,7.762692648E1,2.511613198E0,3.513345769E0
5.997710856E2,6.504140467E1,2.546471761E1,1.677018165E1,1.585479591E0,9.445163007E1,2.486032583E0,3.570899616E0
6.007710801E2,6.504139652E1,2.546473396E1,1.745270982E1,1.568969102E0,1.099740108E2,2.492016895E0,3.606417259E0
6.017710742E2,6.504138912E1,2.546473477E1,1.862989254E1,1.168453343E0,1.224960069E2,2.467416090E0,3.397957693E0
6.027710685E2,6.504138966E1,2.546471794E1,2.017529434E1,1.533284018E0,NaN,2.519028715E0,3.000000000E0
6.037710634E2,6.504139239E1,2.546469405E1,1.880649957E1,5.171437928E-1,2.922169913E2,2.565425559E0,3.000000000E0
6.047710578E2,6.504139255E1,2.546470512E1,1.743927515E1,6.125639880E-1,NaN,2.617212315E0,3.000000000E0
6.057710520E2,6.504138986E1,2.546472979E1,1.756971538E1,6.574502297E-1,9.530814469E1,2.610629228E0,3.000000000E0
6.067710457E2,6.504139048E1,2.546474599E1,1.793959952E1,7.004134201E-1,9.200363270E1,2.655431511E0,3.000000000E0
6.077710404E2,6.504138899E1,2.546474801E1,1.789021623E1,4.261107640E-1,9.793605604E1,2.631906330E0,3.000000000E0
6.087710354E2,6.504138877E1,2.546475207E1,1.802113849E1,2.049305965E-1,9.822336179E1,2.684053072E0,3.000000000E0
6.097710297E2,6.504138432E1,2.546481425E1,1.811097244E1,1.476701656E0,9.971729564E1,2.661561578E0,3.000000000E0
6.107710236E2,6.504138231E1,2.546483489E1,1.800240677E1,1.231906279E0,1.004537796E2,2.691008294E0,3.000000000E0
6.117710187E2,6.504138041E1,2.546486479E1,1.826149208E1,1.250271038E0,1.006044467E2,2.762126039E0,3.145937238E0
6.127710127E2,6.504137751E1,2.546489044E1,1.846681189E1,1.207794536E0,1.028253948E2,2.724019750E0,3.112080737E0
6.137710073E2,6.504137354E1,2.546491237E1,1.856345459E1,1.068218737E0,1.082537611E2,2.797288366E0,3.131536452E0
6.147710012E2,6.504137448E1,2.546494856E1,1.814014994E1,1.257269071E0,9.834230053E1,2.894111606E0,3.368459502E0
6.157709976E2,6.504137519E1,2.546497736E1,1.776208315E1,1.218362689E0,9.309845207E1,3.012948059E0,3.501675949E0
6.167709903E2,6.504137496E1,2.546500544E1,1.782066152E1,1.156483264E0,9.141060996E1,3.042796069E0,3.308611539E0
6.177709846E2,6.504137500E1,2.546502206E1,1.793425918E1,8.898172863E-1,9.185673467E1,2.990656265E0,3.218486317E0
6.187709790E2,6.504138124E1,2.546503464E1,1.786044135E1,7.111629438E-1,7.385162757E1,3.131456047E0,3.478263951E0
6.197709740E2,6.504137772E1,2.546506368E1,1.780298754E1,8.828497567E-1,8.803938846E1,3.150114314E0,3.712153670E0
6.207709682E2,6.504137437E1,2.546508840E1,1.706749585E1,9.974933510E-1,9.743986622E1,3.211164366E0,3.653301599E0
6.217709628E2,6.504137546E1,2.546511859E1,1.715670100E1,1.173557605E0,9.230069219E1,3.165380865E0,3.365313434E0
6.227709565E2,6.504137842E1,2.546514220E1,1.749677288E1,1.113085377E0,8.407425818E1,3.261167009E0,3.783152439E0
6.237709520E2,6.504138217E1,2.546516318E1,1.738178857E1,8.013695397E-1,7.765574493E1,3.258842649E0,3.623942053E0
6.247709463E2,6.504137735E1,2.546517367E1,1.714598571E1,3.841534074E-1,1.034919801E2,3.349197301E0,4.007371924E0
6.257709408E2,6.504137921E1,2.546518115E1,1.672278290E1,1.972360791E-1,6.809842429E1,3.444946383E0,4.172918330E0
6.267709348E2,6.504139473E1,2.546522365E1,1.683193351E1,1.173922040E0,4.478185628E1,3.463807208E0,4.322340452E0
6.277709295E2,6.504139765E1,2.546522292E1,1.648430456E1,6.026323751E-1,2.635222374E1,3.432658209E0,4.429486025E0
6.287709234E2,6.504139923E1,2.546522818E1,1.654554161E1,1.811075894E-1,2.321488305E1,3.440883406E0,4.385734590E0
6.297709178E2,6.504139867E1,2.546522500E1,1.657319865E1,0.000000000E0,2.321487976E1,3.519903064E0,4.290192756E0
6.307709125E2,6.504139867E1,2.546522500E1,1.657319865E1,0.000000000E0,2.321487976E1,3.707019314E0,4.678626343E0
6.317709073E2,6.504140238E1,2.546524399E1,1.455481952E1,0.000000000E0,2.321489930E1,3.741956728E0,4.589700606E0
6.327709007E2,6.504140741E1,2.546525376E1,1.461523410E1,2.585332122E-1,2.321490887E1,3.732650655E0,4.388397976E0
6.337708962E2,6.504140795E1,2.546526477E1,1.497007025E1,1.012574768E-1,2.321492046E1,3.659877328E0,4.321078973E0
6.347708905E2,6.504140757E1,2.546526439E1,1.498820772E1,0.000000000E0,2.321492011E1,3.653980787E0,4.321290981E0
6.357708843E2,6.504141118E1,2.546526677E1,1.553440372E1,2.790150911E-1,2.321492207E1,3.635089988E0,4.210899087E0
6.367713678E2,6.504141705E1,2.546526511E1,1.560486903E1,4.012861996E-1,2.321491940E1,3.599114407E0,4.111582741E0
6.377713681E2,6.504142303E1,2.546525889E1,1.579529094E1,4.728067988E-1,2.321491188E1,3.535140328E0,4.047171525E0
6.387713618E2,6.504143050E1,2.546525874E1,1.573117933E1,5.082938544E-1,1.131283377E1,3.458383316E0,4.110443892E0
6.397713615E2,6.504143981E1,2.546526010E1,1.633021095E1,5.804234852E-1,5.960721919E0,3.428775744E0,4.192416710E0
6.407713618E2,6.504144718E1,2.546526483E1,1.614516057E1,6.031682489E-1,1.080819121E1,3.410289932E0,4.091072686E0
6.417713561E2,6.504144893E1,2.546526379E1,1.562990766E1,2.457789608E-1,6.971577905E0,3.393465984E0,4.048542485E0
6.427713550E2,6.504144673E1,2.546526311E1,1.593006934E1,3.497040716E-2,6.971577269E0,3.382570668E0,3.799183029E0
6.437713556E2,6.504144589E1,2.546526377E1,1.595544126E1,0.000000000E0,6.971578255E0,3.368081385E0,3.866259128E0
6.447713493E2,6.504144589E1,2.546526377E1,1.595544126E1,0.000000000E0,6.971578255E0,3.377099081E0,3.845180379E0
6.457713499E2,6.504144589E1,2.546526377E1,1.595544126E1,0.000000000E0,6.971578255E0,3.915676798E0,4.453696038E0
6.467713484E2,6.504144589E1,2.546526377E1,1.595544126E1,0.000000000E0,6.971578255E0,3.907127943E0,4.434335962E0
6.477713425E2,6.504144589E1,2.546526377E1,1.595544126E1,0.000000000E0,6.971578255E0,3.924342480E0,4.556037775E0
6.487713445E2,6.504144589E1,2.546526377E1,1.595544126E1,0.000000000E0,6.971578255E0,4.336275014E0,5.032621795E0
6.497713445E2,6.504144589E1,2.546526377E1,1.595544126E1,0.000000000E0,6.971578255E0,4.331047277E0,5.070525570E0
6.507713413E2,6.504144589E1,2.546526377E1,1.595544126E1,0.000000000E0,6.971578255E0,4.320838020E0,5.086553954E0
6.517713373E2,6.504144609E1,2.546528210E1,1.699644898E1,0.000000000E0,6.971602645E0,4.298375399E0,5.022474608E0
6.527713326E2,6.504145854E1,2.546528413E1,1.704120764E1,5.932501507E-1,9.795568004E0,4.201972598E0,4.527806511E0
6.537713293E2,6.504146819E1,2.546528756E1,1.717840290E1,8.781194409E-1,8.944628366E0,4.107846237E0,4.611951995E0
6.547713246E2,6.504147583E1,2.546528389E1,1.724393775E1,8.118097288E-1,6.108034190E0,4.054301379E0,4.956291302E0
6.557713202E2,6.504148142E1,2.546528881E1,1.671075275E1,7.024234343E-1,1.946109323E1,4.098314483E0,5.122969561E0
6.567713159E2,6.504148974E1,2.546529188E1,1.687629528E1,7.608902178E-1,2.135540061E1,4.150900828E0,5.152468520E0
6.577713118E2,6.504149126E1,2.546528591E1,1.581437729E1,3.723397988E-1,8.875798102E0,4.120131308E0,5.358900607E0
6.587713069E2,6.504149797E1,2.546528300E1,1.612960653E1,5.302475163E-1,3.586208283E2,4.070897800E0,5.123027650E0
6.597713025E2,6.504150535E1,2.546528344E1,1.668374416E1,6.930067843E-1,1.485261583E-1,3.979429308E0,5.024563399E0
6.607712975E2,6.504151715E1,2.546528443E1,1.622518191E1,9.794185481E-1,1.111516217E0,3.989438677E0,5.061898894E0
6.617712934E2,6.504152713E1,2.546528356E1,1.597514594E1,1.010385236E0,1.323885562E0,3.948275390E0,4.846446718E0
6.627712883E2,6.504153659E1,2.546528523E1,1.560029694E1,9.690973087E-1,5.747916082E0,3.965138658E0,4.784843659E0
6.637712833E2,6.504154896E1,2.546528204E1,1.541522968E1,1.023152519E0,1.248067561E0,3.995467594E0,5.419388576E0
6.647712786E2,6.504156134E1,2.546528297E1,1.500033618E1,1.098882065E0,3.203161739E0,4.046454733E0,5.327760134E0
6.657712736E2,6.504157163E1,2.546527946E1,1.496120895E1,9.947600808E-1,3.589206204E2,4.031796538E0,5.439227771E0
6.667712692E2,6.504158447E1,2.546527582E1,1.504930899E1,1.071408527E0,3.571435444E2,3.999306260E0,5.270735781E0
6.677712648E2,6.504159917E1,2.546527035E1,1.520558910E1,1.248179544E0,3.548985706E2,4.030302098E0,5.381303219E0
6.687712594E2,6.504161169E1,2.546527190E1,1.553936780E1,1.226565752E0,3.573340232E2,4.104341101E0,5.584662202E0
6.697712542E2,6.504161617E1,2.546527107E1,1.438343741E1,8.584612337E-1,4.382712556E0,4.232826802E0,5.847871279E0
6.707712491E2,6.504162658E1,2.546526192E1,1.521727922E1,9.329745652E-1,3.523831924E2,4.246431450E0,5.631329009E0
6.717712443E2,6.504163924E1,2.546525622E1,1.517268725E1,1.039645648E0,3.504699027E2,4.293944696E0,5.866652952E0
6.727712390E2,6.504165273E1,2.546525564E1,1.518179021E1,1.067535622E0,3.545478995E2,4.231335646E0,5.584395070E0
6.737712339E2,6.504166350E1,2.546525425E1,1.502278533E1,1.030942539E0,3.571542066E2,4.267885993E0,5.889971268E0
6.747712291E2,6.504167377E1,2.546524775E1,1.517137857E1,9.976571674E-1,3.547156447E2,4.221086131E0,5.644555833E0
6.757712237E2,6.504168672E1,2.546524333E1,1.528164265E1,1.090827107E0,3.553209223E2,4.239406139E0,5.605787720E0
6.767712193E2,6.504169826E1,2.546524565E1,1.581468323E1,1.158086005E0,3.587762825E2,4.329574028E0,5.385295917E0
6.777712138E2,6.504171010E1,2.546524542E1,1.588889783E1,1.224260994E0,3.597623997E2,4.442065958E0,5.529367870E0
6.787712089E2,6.504171807E1,2.546524300E1,1.584363412E1,1.074761494E0,3.590153200E2,4.505517499E0,5.165474106E0
6.797712041E2,6.504172194E1,2.546524225E1,1.581454875E1,7.655131518E-1,6.449240475E-2,4.502771762E0,5.393746781E0
6.807711992E2,6.504172918E1,2.546524089E1,1.561031909E1,5.807299415E-1,3.593380095E2,4.471326380E0,5.340472837E0
6.817711935E2,6.504174442E1,2.546523911E1,1.587389698E1,7.978295518E-1,3.562588953E2,4.582318464E0,5.448413779E0
6.827711877E2,6.504175959E1,2.546523809E1,1.640515526E1,9.488880061E-1,6.243389847E-2,4.678923368E0,5.774731584E0
6.837711828E2,6.504177322E1,2.546523025E1,1.699021302E1,1.006255158E0,3.584322064E2,4.726856989E0,5.920865202E0
6.847711780E2,6.504179116E1,2.546521140E1,1.815365279E1,1.181356356E0,3.556411409E2,4.763485243E0,5.844233504E0
6.857711722E2,6.504180707E1,2.546519987E1,1.860207980E1,1.053581258E0,3.569542280E2,4.769392590E0,6.339648158E0
6.867711670E2,6.504181928E1,2.546518963E1,1.847999055E1,1.036748713E0,1.497660178E0,4.729312802E0,6.039634548E0